,First Name_GAA,Last Name_GAA,Team_GAA,TOI,GAA_GAA,GSAA_GAA,SV%_GAA,TrueSV%_GAA,ExpSV%_GAA,xGSAA_GAA,CA_GAA,FA_GAA,SA_GAA,xGA_GAA,GA_GAA,HighS_GAA,HighG_GAA,HighSV%_GAA,MedS_GAA,MedG_GAA,LowS_GAA,LowG_GAA,AdjSV%_GAA,Dist_GAA,Reb_GAA,Rush_GAA,DS_GAA,PenT_GAA,PenD_GAA,PenDf_GAA,CF_GAA,FF_GAA,SF_GAA,xGF_GAA,GF_GAA,RebF_GAA,RushF_GAA,Supp_GAA,ZS%_GAA,OZS_GAA,DZS_GAA,NZS_GAA,Last Name_injuries,First Name_injuries,Team_injuries,DOB,Birth City,S/P,Cntry,Nat,Ht,Wt,Sh,Dft Yr,Rd,Ovrl,GP,GS,GR,W,L,T,OTL,SA_injuries,SV,GA_injuries,SV%_injuries,GAA_injuries,GSAA_injuries,MIN,SO,G,A,PTS,PIM,PenT_injuries,PenD_injuries,PenDf_injuries,Supp_injuries,QoC,StMin,StSV,StGA,StSV%,StGAA,QS,QS%,RBS,Pull,ReMin,ReSV,ReGA,ReSV%,ReGAA,Dist_injuries,Reb_injuries,Rush_injuries,DS_injuries,HighS_injuries,HighG_injuries,HighSV%_injuries,MedS_injuries,MedG_injuries,LowS_injuries,LowG_injuries,AdjSV%_injuries,EVSA,EVGA,EV SV%,PP SA,PP GA,PP SV%,SH SA,SH GA,SH SV%,AdjSV%.1,CA_injuries,FA_injuries,SA.1,xGA_injuries,GA.1,TrueSV%_injuries,ExpSV%_injuries,xGSAA_injuries,ZS%_injuries,OZS_injuries,DZS_injuries,NZS_injuries,CF_injuries,FF_injuries,SF_injuries,xGF_injuries,GF_injuries,RebF_injuries,RushF_injuries,SOS,SOG,SO SV%,SOW,SOL,NMC,Status,Salary,Cap Hit,Pace,1st,2nd,3rd,Star,GPS,Ginj,Injuries,CHIP
0,Allen,Jake,STL,2692.83,2.13901360278963,1.7180259999999947,0.9245875883739199,0.9596299411269975,0.9235506677140612,1.3199999999999932,2378,1752,1273,97.32,96,239,45,0.8117154811715481,594,14,440,37,0.9192658885578238,32.69,78,83,161,2,1,-1,2371,1774,1307,104.22,113,78,97,2.517797261616961,0.47644927536231885,789,867,919,Allen,Jake,STL,1990-08-07,Fredericton,NB,CAN,CAN,74.0,203.0,L,2008.0,2.0,34.0,61.0,60.0,1.0,33.0,20.0,0.0,5.0,1620.0,1482.0,138.0,0.9148148148148149,2.4222448671129317,2.194800000000015,3418.3166666667,4.0,0.0,1.0,1.0,4.0,2.0,2.0,0.0,2.4162770174403345,0.0849722561,3400.5,1479.0,138.0,0.9146567717996289,2.434936038817821,33.0,0.55,11.0,8.0,17.8166666667,3.0,0.0,1.0,0.0,32.03,100.0,101.0,201.0,352.0,66.0,0.8125,593.0,55.0,675.0,17.0,0.9104018004809193,1350.0,110.0,0.9185185185185185,241.0,24.0,0.9004149377593361,29.0,4.0,0.8620689655172413,0.9145770560086485,3022.0,2241.0,1620.0,136.01,138.0,0.9543348775645268,0.9160432098765432,-1.990000000000009,0.4655635062611807,1041.0,1195.0,1050.0,2905.0,2190.0,1611.0,137.66,162.0,100.0,111.0,15.0,4.0,0.7333333333333334,1.0,2.0,,UFA,2500000.0,2350000.0,104.03366179259672,9.0,7.0,6.0,22.0,9.8,,, 
1,Alves,Jorge,CAR,0.13,0.0,0.0,0.0,0.0,0.0,0.0,0,0,0,0.0,0,0,0,0.0,0,0,0,0,0.0,,0,0,0,0,0,0,0,0,0,0.0,0,0,0,0.0,1.0,1,0,0,Alves,Jorge,CAR,1979-01-30,Boston,MA,USA,USA,69.0,185.0,L,,,,1.0,0.0,1.0,0.0,0.0,0.0,0.0,0.0,0.0,0.0,0.0,0.0,0.0,0.1333333333,0.0,0.0,0.0,0.0,0.0,0.0,0.0,0.0,0.0,,0.0,0.0,0.0,0.0,0.0,0.0,0.0,0.0,,0.1333333333,0.0,0.0,0.0,0.0,,0.0,0.0,0.0,0.0,0.0,0.0,0.0,0.0,0.0,0.0,0.0,0.0,0.0,0.0,0.0,0.0,0.0,0.0,0.0,0.0,0.0,0.0,0.0,0.0,0.0,0.0,,,0.0,1.0,1.0,0.0,0.0,0.0,0.0,0.0,0.0,0.0,0.0,0.0,0.0,0.0,0.0,0.0,0.0,,,,,0.0,,,,,0.0,,, 
2,Andersen,Frederik,TOR,2997.2,2.3421860403042842,6.510058000000001,0.9272840273461778,0.9610778443113772,0.9167743940335612,16.909999999999997,3006,2280,1609,133.91,117,336,58,0.8273809523809523,642,8,631,51,0.9285175213103296,30.3,91,156,247,2,7,5,2962,2202,1531,140.48,139,74,181,2.7825970906179105,0.4782157676348548,922,1006,1100,,,,,,,,,,,,,,,,,,,,,,,,,,,,,,,,,,,,,,,,,,,,,,,,,,,,,,,,,,,,,,,,,,,,,,,,,,,,,,,,,,,,,,,,,,,,,,,,,,,,,,,,,,,,,,,
3,Anderson,Craig,OTT,1908.44,1.8549181530464671,16.994379999999992,0.9404040404040404,0.969254820218864,0.9227777777777778,17.450000000000003,1919,1374,990,76.45,59,199,34,0.8291457286432161,501,8,290,17,0.9354294281684422,35.34,79,117,196,0,0,0,1787,1314,986,78.14,74,95,119,2.3265075139904843,0.5252274607113316,635,574,647,,,,,,,,,,,,,,,,,,,,,,,,,,,,,,,,,,,,,,,,,,,,,,,,,,,,,,,,,,,,,,,,,,,,,,,,,,,,,,,,,,,,,,,,,,,,,,,,,,,,,,,,,,,,,,,
4,Bachman,Richard,VAN,244.84,2.6956379676523445,-0.3300820000000009,0.920863309352518,0.9580152671755725,0.9076258992805756,1.8399999999999999,262,204,139,12.84,11,38,8,0.7894736842105263,44,1,57,2,0.9325615629984052,26.77,8,16,24,0,0,0,218,155,107,8.77,8,4,18,1.9604639764744323,0.4768211920529801,72,79,80,Bachman,Richard,VAN,1987-07-25,Salt Lake City,UT,USA,USA,70.0,183.0,L,2006.0,4.0,120.0,5.0,5.0,0.0,2.0,3.0,0.0,0.0,162.0,149.0,13.0,0.9197530864197531,2.642425611202376,1.0194800000000015,295.1833333333,0.0,0.0,0.0,0.0,0.0,0.0,0.0,0.0,2.284681836147285,0.0907154216,295.1833333333,149.0,13.0,0.9197530864197531,2.642425611202376,2.0,0.4,0.0,0.0,0.0,0.0,0.0,0.0,0.0,27.31,8.0,16.0,24.0,48.0,8.0,0.8333333333333334,65.0,4.0,49.0,1.0,0.9291345368916797,141.0,11.0,0.9219858156028369,20.0,2.0,0.9,1.0,0.0,1.0,0.9205702127659575,305.0,236.0,162.0,15.17,13.0,0.9573770491803278,0.9063580246913581,2.17,0.4793814432989691,93.0,101.0,92.0,253.0,185.0,127.0,11.24,9.0,4.0,19.0,0.0,0.0,0.0,0.0,0.0,,UFA,575000.0,575000.0,113.42103777314814,1.0,0.0,1.0,2.0,1.1,,, 
5,Bernier,Jonathan,ANA,1535.89,2.226721965765777,-0.42640600000000006,0.9226594301221167,0.9625246548323472,0.9167706919945726,4.340000000000003,1521,1128,737,61.34,57,144,28,0.8055555555555556,301,8,292,21,0.9210669172266975,28.52,46,79,125,2,2,0,1393,1058,760,70.45,67,51,80,2.6173749422159136,0.45965270684371806,450,529,529,,,,,,,,,,,,,,,,,,,,,,,,,,,,,,,,,,,,,,,,,,,,,,,,,,,,,,,,,,,,,,,,,,,,,,,,,,,,,,,,,,,,,,,,,,,,,,,,,,,,,,,,,,,,,,,
6,Berra,Reto,FLA,248.43,3.3812341504649197,-5.095608,0.8793103448275862,0.9363636363636364,0.9010344827586207,-2.5199999999999996,220,172,116,11.48,14,26,6,0.7692307692307692,47,2,43,6,0.8820726258896967,32.45,13,16,29,0,0,0,214,169,129,9.5,9,10,14,2.173650525298877,0.4927536231884058,68,70,97,Berra,Reto,FLA,1987-01-03,Bulach,,CHE,CHE,76.0,210.0,L,2006.0,4.0,106.0,7.0,4.0,3.0,0.0,5.0,0.0,0.0,145.0,127.0,18.0,0.8758620689655172,3.4491935913127754,-5.451699999999999,313.1166666667,0.0,0.0,0.0,0.0,0.0,0.0,0.0,0.0,2.8896577420553693,0.0857306243,236.85,99.0,17.0,0.853448275862069,4.306523115896137,0.0,0.0,2.0,0.0,76.2666666667,28.0,1.0,0.9655172413793104,0.7867132867129428,34.6,15.0,16.0,31.0,39.0,10.0,0.7435897435897436,56.0,6.0,50.0,2.0,0.8829279120879121,117.0,14.0,0.8803418803418803,22.0,2.0,0.9090909090909091,6.0,2.0,0.6666666666666667,0.8796247086247087,263.0,211.0,145.0,14.88,18.0,0.9315589353612167,0.8973793103448275,-3.119999999999999,0.5445026178010471,104.0,87.0,110.0,303.0,241.0,175.0,15.08,11.0,15.0,15.0,0.0,0.0,0.0,0.0,0.0,,UFA,1500000.0,1450000.0,108.45797626016837,,,,,0.2,,, 
7,Berube,Jean-Francois,NYI,444.72,3.10307609282245,-5.037692,0.9017094017094017,0.9422110552763819,0.9257264957264957,-5.620000000000001,398,314,234,17.38,23,40,11,0.725,103,4,91,8,0.8928233092393044,33.26,7,21,28,0,0,0,469,335,241,18.16,19,12,21,2.5634106853750676,0.4440789473684211,135,169,161,Berube,Jean-Francois,NYI,1991-07-13,Repentigny,QC,CAN,CAN,73.0,177.0,L,2009.0,4.0,95.0,14.0,7.0,7.0,3.0,2.0,0.0,2.0,271.0,241.0,30.0,0.8892988929889298,3.4167483944444035,-6.547659999999997,526.8166666667,0.0,0.0,0.0,0.0,0.0,0.0,0.0,0.0,2.4794204182351556,0.08110788320000001,389.0833333333,177.0,23.0,0.885,3.546798029556954,3.0,0.42857142857142855,2.0,1.0,137.7333333333,64.0,7.0,0.9014084507042254,3.0493707647635646,32.81,10.0,23.0,33.0,48.0,14.0,0.7083333333333333,109.0,11.0,114.0,5.0,0.8754998994044745,241.0,25.0,0.8962655601659751,26.0,5.0,0.8076923076923077,4.0,0.0,1.0,0.8857197574210023,465.0,365.0,271.0,21.18,30.0,0.935483870967742,0.9218450184501845,-8.82,0.45187165775401067,169.0,205.0,181.0,536.0,384.0,279.0,21.77,31.0,15.0,23.0,0.0,0.0,0.0,0.0,0.0,,UFA,675000.0,675000.0,114.00550476129493,0.0,1.0,1.0,2.0,0.8,,, 
8,Bibeau,Antoine,TOR,81.36,1.4749262536873158,0.9937179999999999,0.9487179487179487,0.975,0.9246153846153846,0.94,80,62,39,2.94,2,7,2,0.7142857142857143,20,0,12,0,0.9387714285714286,37.13,0,3,3,0,0,0,109,86,64,4.74,2,0,4,1.4749262536873158,0.5166666666666667,31,29,22,Bibeau,Antoine,TOR,1994-05-01,Victoriaville,QC,CAN,CAN,75.0,210.0,L,2013.0,6.0,172.0,2.0,2.0,0.0,1.0,1.0,0.0,0.0,55.0,51.0,4.0,0.9272727272727272,1.989225031081641,0.7597000000000005,120.65,0.0,0.0,0.0,0.0,0.0,0.0,1.0,1.0,3.7148777455449644,0.079470859,120.65,51.0,4.0,0.9272727272727272,1.989225031081641,2.0,1.0,0.0,0.0,0.0,0.0,0.0,0.0,0.0,36.51,0.0,7.0,7.0,11.0,4.0,0.6363636363636364,20.0,0.0,24.0,0.0,0.9138181818181819,39.0,2.0,0.9487179487179487,11.0,2.0,0.8181818181818181,5.0,0.0,1.0,0.930839160839161,114.0,87.0,55.0,4.63,4.0,0.9649122807017544,0.9158181818181819,0.6299999999999999,0.5227272727272727,46.0,42.0,36.0,148.0,116.0,78.0,7.47,3.0,2.0,5.0,0.0,0.0,0.0,0.0,0.0,,RFA,680000.0,655000.0,130.29423953584748,,,,,0.4,,, 
9,Bishop,Ben,"TBL, LAK",1700.08,2.1528398663592303,1.023696000000001,0.9245049504950495,0.9591152815013405,0.9190594059405941,4.400000000000006,1492,1139,808,65.4,61,168,30,0.8214285714285714,348,4,292,27,0.9234461052252738,34.5,51,104,155,4,1,-3,1646,1254,888,73.53,64,71,86,2.258717236835914,0.5256525652565257,584,527,639,,,,,,,,,,,,,,,,,,,,,,,,,,,,,,,,,,,,,,,,,,,,,,,,,,,,,,,,,,,,,,,,,,,,,,,,,,,,,,,,,,,,,,,,,,,,,,,,,,,,,,,,,,,,,,,
10,Bobrovsky,Sergei,CBJ,2947.94,1.8114344253953607,22.458423999999994,0.9387052341597796,0.9674469641550841,0.9116597796143251,39.27000000000001,2734,2007,1452,128.27,89,339,46,0.8643067846607669,619,13,494,30,0.9400665627842727,33.15,116,92,208,2,2,0,2753,2046,1512,128.39,118,96,122,2.4016771033331747,0.4937952430196484,955,979,1003,,,,,,,,,,,,,,,,,,,,,,,,,,,,,,,,,,,,,,,,,,,,,,,,,,,,,,,,,,,,,,,,,,,,,,,,,,,,,,,,,,,,,,,,,,,,,,,,,,,,,,,,,,,,,,,
11,Brossoit,Laurent,EDM,261.8,2.0626432391138274,0.8255359999999996,0.9296875,0.9637096774193549,0.910625,2.4399999999999995,248,171,128,11.44,9,29,5,0.8275862068965517,30,0,69,4,0.9421067966016992,23.72,6,16,22,0,0,0,236,179,141,11.61,16,7,14,3.6669213139801373,0.5595238095238095,94,74,109,Brossoit,Laurent,EDM,1993-03-23,Port Alberni,BC,CAN,CAN,75.0,204.0,L,2011.0,6.0,164.0,8.0,4.0,4.0,4.0,1.0,0.0,0.0,153.0,142.0,11.0,0.9281045751633987,1.9852609414949616,2.2406200000000016,332.45,0.0,0.0,0.0,0.0,0.0,0.0,0.0,0.0,2.943600541434802,0.08484245700000001,238.2666666667,101.0,9.0,0.9181818181818182,2.2663682148849658,2.0,0.5,0.0,0.0,94.1833333333,41.0,2.0,0.9534883720930233,1.2741107768541051,21.72,10.0,16.0,26.0,34.0,5.0,0.8529411764705882,87.0,6.0,32.0,0.0,0.9386643002028398,132.0,9.0,0.9318181818181819,18.0,1.0,0.9444444444444444,3.0,1.0,0.6666666666666667,0.9275631313131314,305.0,213.0,153.0,14.79,11.0,0.9639344262295082,0.9033333333333333,3.789999999999999,0.5530973451327433,125.0,101.0,127.0,308.0,232.0,183.0,16.31,23.0,9.0,18.0,0.0,0.0,0.0,0.0,0.0,,RFA,650000.0,750000.0,110.63317792149195,1.0,1.0,0.0,2.0,1.2,,, 
12,Budaj,Peter,"LAK, TBL",2612.57,1.90616902130852,2.282581999999991,0.9252925292529253,0.9618916437098255,0.9144644464446444,12.030000000000001,2178,1594,1111,95.03,83,211,39,0.8151658767772512,455,7,445,37,0.9238201424668309,35.86,77,141,218,0,1,1,2550,1906,1342,109.74,93,107,134,2.135827939538462,0.5622317596566524,917,714,897,Budaj,Peter,"LAK, TBL",1982-09-18,Banská Bystrica,,SVK,SVK,73.0,196.0,L,2001.0,2.0,63.0,60.0,55.0,5.0,30.0,21.0,0.0,3.0,1414.0,1294.0,120.0,0.9151343705799151,2.1763662743833407,2.3675600000000117,3308.2666666667,7.0,0.0,1.0,1.0,0.0,0.0,1.0,1.0,2.666230049975791,0.0864921307,3227.9333333333,1264.0,117.0,0.9152787834902245,2.17476610421531,32.0,0.5818181818181818,7.0,5.0,80.3333333333,30.0,3.0,0.9090909090909091,2.2406639004158673,35.3,102.0,154.0,256.0,298.0,59.0,0.802013422818792,587.0,47.0,529.0,14.0,0.9123007685107656,1172.0,89.0,0.924061433447099,207.0,28.0,0.8647342995169083,35.0,3.0,0.9142857142857143,0.9151748303525794,2763.0,2029.0,1414.0,128.53,120.0,0.9565689467969598,0.9091018387553041,8.530000000000001,0.5458673932788374,1202.0,1000.0,1030.0,3198.0,2387.0,1676.0,147.01,145.0,133.0,153.0,13.0,7.0,0.46153846153846156,1.0,3.0,,UFA,600000.0,600000.0,108.11099467999246,4.0,7.0,4.0,15.0,8.6,,, 
13,Campbell,Jack,LAK,15.98,0.0,0.307048,1.0,1.0,0.9625,0.15,6,6,4,0.15,0,0,0,0.0,3,0,1,0,0.7857000000000001,44.53,0,0,0,0,0,0,18,15,9,0.62,0,0,1,0.0,0.6666666666666666,4,2,5,Campbell,Jack,LAK,1992-01-09,Port Huron,MI,USA,USA,74.0,197.0,L,2010.0,1.0,11.0,1.0,0.0,1.0,0.0,0.0,0.0,0.0,5.0,5.0,0.0,1.0,0.0,0.43270000000000003,20.0,0.0,0.0,0.0,0.0,0.0,0.0,0.0,0.0,2.55,0.08771203970000001,0.0,0.0,0.0,0.0,0.0,0.0,0.0,0.0,,20.0,5.0,0.0,1.0,0.0,46.84,0.0,0.0,0.0,0.0,0.0,0.0,1.0,0.0,4.0,0.0,0.763,4.0,0.0,1.0,1.0,0.0,1.0,0.0,0.0,0.0,0.9770000000000001,10.0,10.0,5.0,0.27,0.0,1.0,0.946,0.27,0.6153846153846154,8.0,5.0,5.0,22.0,19.0,12.0,0.85,0.0,0.0,1.0,0.0,0.0,0.0,0.0,0.0,,,,,96.0,,,,,0.1,,, 
14,Comrie,Eric,WPG,53.12,4.518072289156627,-1.1598060000000001,0.8918918918918919,0.9375,0.8908108108108108,0.040000000000000036,64,46,37,4.04,4,11,3,0.7272727272727273,15,1,11,0,0.913261212121212,28.24,4,1,5,0,0,0,43,35,27,2.45,3,0,2,3.38855421686747,0.4117647058823529,14,20,16,Comrie,Eric,WPG,1995-07-06,Edmonton,AB,CAN,CAN,73.0,175.0,L,2013.0,2.0,59.0,1.0,1.0,0.0,1.0,0.0,0.0,0.0,39.0,35.0,4.0,0.8974358974358975,4.0472175379426645,-0.6249399999999996,59.3,0.0,0.0,0.0,0.0,0.0,0.0,0.0,0.0,2.8937605396290054,0.0940339787,59.3,35.0,4.0,0.8974358974358975,4.0472175379426645,0.0,0.0,0.0,0.0,0.0,0.0,0.0,0.0,0.0,30.42,4.0,1.0,5.0,11.0,3.0,0.7272727272727273,13.0,0.0,15.0,1.0,0.9100969696969697,38.0,4.0,0.8947368421052632,0.0,0.0,0.0,1.0,0.0,1.0,0.7665263157894737,71.0,50.0,39.0,4.21,4.0,0.9436619718309859,0.892051282051282,0.20999999999999996,0.4358974358974359,17.0,22.0,16.0,52.0,40.0,31.0,2.86,5.0,0.0,2.0,0.0,0.0,0.0,0.0,0.0,,RFA,575000.0,645000.0,124.45193929173693,,,,,0.2,,, 
15,Condon,Mike,"PIT, OTT",1787.11,2.28301559501094,-2.9058239999999955,0.9198113207547169,0.960806916426513,0.9142216981132075,4.739999999999995,1735,1254,848,72.74,68,168,30,0.8214285714285714,348,7,332,31,0.9194595178744536,33.06,66,78,144,1,3,2,1634,1182,857,69.43,60,73,94,2.0144255250096523,0.4943917169974116,573,586,627,Condon,Mike,"PIT, OTT",1990-04-27,Holliston,MA,USA,USA,74.0,197.0,L,,,,41.0,38.0,3.0,19.0,14.0,0.0,6.0,1122.0,1026.0,96.0,0.9144385026737968,2.478041085576991,1.0978800000000035,2324.4166666667,5.0,0.0,0.0,0.0,4.0,2.0,4.0,2.0,2.440870469293336,0.08828295400000001,2253.95,995.0,94.0,0.9136822773186409,2.502273786020098,19.0,0.5,7.0,2.0,70.4666666667,31.0,2.0,0.9393939393939394,1.702932828759838,32.03,88.0,90.0,178.0,229.0,40.0,0.8253275109170306,485.0,44.0,408.0,12.0,0.912618447861745,910.0,77.0,0.9153846153846154,173.0,19.0,0.8901734104046243,39.0,0.0,1.0,0.9136499333036906,2234.0,1628.0,1122.0,100.48,96.0,0.9570277529095792,0.9104456327985739,4.480000000000004,0.499691548426897,810.0,811.0,743.0,2108.0,1548.0,1113.0,94.56,94.0,89.0,109.0,13.0,3.0,0.7692307692307692,3.0,1.0,,UFA,575000.0,575000.0,112.0797332664093,9.0,1.0,4.0,14.0,6.8,,, 
16,Copley,Pheonix,STL,46.89,2.5591810620601407,-0.46476000000000006,0.9,0.9459459459459459,0.907,-0.1399999999999999,37,28,20,1.86,2,0,0,0.0,0,0,20,2,0.32517,0.0,1,2,3,0,0,0,40,34,27,2.26,2,2,1,2.5591810620601407,0.5925925925925926,16,11,19,Copley,Pheonix,STL,1992-01-18,North Pole,AK,USA,USA,76.0,196.0,L,,,,1.0,1.0,0.0,0.0,1.0,0.0,0.0,29.0,24.0,5.0,0.8275862068965517,5.09049773755944,-2.4903399999999998,58.9333333333,0.0,0.0,0.0,0.0,0.0,0.0,0.0,0.0,3.1052036199112587,0.095687885,58.9333333333,24.0,5.0,0.8275862068965517,5.09049773755944,0.0,0.0,1.0,0.0,0.0,0.0,0.0,0.0,0.0,0.0,1.0,3.0,4.0,0.0,0.0,0.0,29.0,5.0,0.0,0.0,0.3177931034482759,20.0,2.0,0.9,7.0,3.0,0.5714285714285714,2.0,0.0,1.0,0.8543285714285715,48.0,37.0,29.0,2.46,5.0,0.8958333333333334,0.9151724137931034,-2.54,0.5897435897435898,23.0,16.0,22.0,55.0,46.0,37.0,3.05,3.0,3.0,2.0,0.0,0.0,0.0,0.0,0.0,,UFA,708750.0,708750.0,104.86425339372447,,,,,-0.1,,, 
17,Coreau,Jared,DET,561.92,2.882972665148064,-5.660164000000002,0.9028776978417266,0.9488636363636364,0.9143525179856116,-3.1900000000000013,528,399,278,23.81,27,48,13,0.7291666666666667,105,4,125,10,0.8968887976190477,27.05,16,23,39,0,0,0,507,380,279,24.19,29,13,28,3.0965261958997723,0.4871060171919771,170,179,225,Coreau,Jared,DET,1991-11-05,Perth,ON,CAN,CAN,78.0,220.0,L,,,,14.0,14.0,0.0,5.0,4.0,0.0,3.0,362.0,321.0,41.0,0.8867403314917127,3.4566744730677534,-9.672519999999999,711.6666666667,2.0,0.0,0.0,0.0,0.0,0.0,0.0,0.0,2.6312880562059657,0.08610165010000001,711.6666666667,321.0,41.0,0.8867403314917127,3.4566744730677534,5.0,0.35714285714285715,6.0,3.0,0.0,0.0,0.0,0.0,0.0,24.65,22.0,30.0,52.0,77.0,19.0,0.7532467532467533,167.0,17.0,119.0,5.0,0.8865052904123,291.0,31.0,0.8934707903780069,60.0,7.0,0.8833333333333333,11.0,3.0,0.7272727272727273,0.8881681661980632,669.0,513.0,363.0,34.56,41.0,0.9387144992526159,0.9047933884297521,-6.439999999999998,0.4956896551724138,230.0,234.0,250.0,620.0,465.0,331.0,31.21,32.0,14.0,30.0,3.0,1.0,0.6666666666666667,1.0,0.0,,RFA,575000.0,612500.0,108.67447306791058,1.0,1.0,1.0,3.0,1.0,,, 
18,Crawford,Corey,CHI,2608.24,2.139373677268963,8.939935999999989,0.9299698795180723,0.9614747307373653,0.9191867469879518,14.319999999999993,2414,1774,1328,107.32,93,292,47,0.839041095890411,550,15,486,31,0.9308860766211071,31.38,88,149,237,1,3,2,2495,1806,1348,105.13,103,50,112,2.3694138576204646,0.5126742712294043,809,769,899,,,,,,,,,,,,,,,,,,,,,,,,,,,,,,,,,,,,,,,,,,,,,,,,,,,,,,,,,,,,,,,,,,,,,,,,,,,,,,,,,,,,,,,,,,,,,,,,,,,,,,,,,,,,,,,
19,Darling,Scott,CHI,1403.79,1.9233646058171094,10.191877999999996,0.9374130737134909,0.9653579676674365,0.9161196105702365,15.310000000000002,1299,942,719,60.31,45,178,24,0.8651685393258427,297,8,244,13,0.9404243779819439,29.88,47,91,138,0,0,0,1279,903,668,56.51,62,49,60,2.6499690124591284,0.5278810408921933,426,381,487,,,,,,,,,,,,,,,,,,,,,,,,,,,,,,,,,,,,,,,,,,,,,,,,,,,,,,,,,,,,,,,,,,,,,,,,,,,,,,,,,,,,,,,,,,,,,,,,,,,,,,,,,,,,,,,
20,Dell,Aaron,SJS,942.67,1.4639269309514464,11.466138,0.9487750556792873,0.9749182115594329,0.9131848552338531,15.979999999999997,917,640,449,38.98,23,94,12,0.8723404255319149,187,1,168,10,0.9488670820939594,31.31,38,62,100,0,0,0,877,634,408,36.35,33,33,41,2.1004169009303366,0.5078534031413613,291,282,308,Dell,Aaron,SJS,1989-05-04,Airdrie,AB,CAN,CAN,72.0,205.0,L,,,,20.0,17.0,3.0,11.0,6.0,0.0,1.0,533.0,496.0,37.0,0.9305816135084428,1.9990094997973975,9.125820000000004,1110.55,1.0,0.0,0.0,0.0,0.0,0.0,0.0,0.0,2.4847147809643872,0.0870790942,1014.4166666667,450.0,33.0,0.9316770186335404,1.9518606752648664,12.0,0.7058823529411765,1.0,0.0,96.1333333333,46.0,4.0,0.92,2.496532593620838,30.88,46.0,71.0,117.0,120.0,22.0,0.8166666666666667,207.0,14.0,206.0,1.0,0.9287391796820037,465.0,25.0,0.946236559139785,56.0,9.0,0.8392857142857143,12.0,3.0,0.75,0.9261082949308757,1077.0,759.0,533.0,48.62,37.0,0.9656453110492108,0.9087804878048781,11.619999999999997,0.49791955617198336,359.0,362.0,342.0,1035.0,749.0,491.0,45.99,43.0,42.0,46.0,0.0,0.0,0.0,0.0,0.0,,UFA,575000.0,625000.0,114.10562333978659,3.0,3.0,2.0,8.0,4.2,,, 
21,Domingue,Louis,ARI,1260.9,2.569593147751606,-0.6504100000000008,0.9223021582733812,0.959059893858984,0.9134532374100719,6.149999999999999,1319,998,695,60.15,54,142,23,0.8380281690140845,306,11,247,20,0.9207781667406465,30.35,51,52,103,0,0,0,1122,828,577,44.05,49,51,53,2.331667856293124,0.4498186215235792,372,455,440,,,,,,,,,,,,,,,,,,,,,,,,,,,,,,,,,,,,,,,,,,,,,,,,,,,,,,,,,,,,,,,,,,,,,,,,,,,,,,,,,,,,,,,,,,,,,,,,,,,,,,,,,,,,,,,
22,Driedger,Chris,OTT,32.42,7.402837754472547,-2.925332,0.7142857142857143,0.8888888888888888,0.9042857142857142,-2.66,36,23,14,1.34,4,1,1,0.0,5,1,8,2,0.610495,28.84,1,4,5,0,0,0,27,20,13,0.93,0,2,0,0.0,0.5862068965517241,17,12,9,Driedger,Chris,OTT,1994-05-18,Winnipeg,MB,CAN,CAN,76.0,205.0,L,2012.0,3.0,76.0,1.0,0.0,1.0,0.0,1.0,0.0,0.0,15.0,11.0,4.0,0.7333333333333333,6.0,-2.7019,40.0,0.0,0.0,0.0,0.0,0.0,0.0,0.0,0.0,2.5500000000000003,0.0894957983,0.0,0.0,0.0,0.0,0.0,0.0,0.0,0.0,,40.0,11.0,4.0,0.7333333333333333,6.0,42.28,1.0,4.0,5.0,1.0,1.0,0.0,8.0,2.0,6.0,1.0,0.6038333333333334,14.0,4.0,0.7142857142857143,1.0,0.0,1.0,0.0,0.0,0.0,0.7395714285714287,39.0,26.0,15.0,1.44,4.0,0.8974358974358975,0.904,-2.56,0.6388888888888888,23.0,13.0,10.0,43.0,33.0,22.0,1.7000000000000002,0.0,3.0,0.0,0.0,0.0,0.0,0.0,0.0,,RFA,780000.0,755000.0,122.99999999999999,,,,,-0.2,,, 
23,Dubnyk,Devan,MIN,3025.38,2.0228863812149216,10.916901999999993,0.9306594153636981,0.9634670487106017,0.9318150917743032,-1.7000000000000028,2792,2063,1471,100.3,102,226,44,0.8053097345132744,736,18,509,40,0.9195056009716598,32.67,62,106,168,2,6,4,2747,2073,1516,124.26,134,118,130,2.657517402772544,0.5018666666666667,941,934,1041,Dubnyk,Devan,MIN,1986-05-04,Regina,SK,CAN,CAN,78.0,213.0,L,2004.0,1.0,14.0,65.0,63.0,2.0,40.0,19.0,0.0,5.0,1842.0,1701.0,141.0,0.9234527687296417,2.2511974454497072,18.406680000000023,3758.0,5.0,0.0,0.0,0.0,10.0,5.0,6.0,1.0,2.680681213411389,0.0865480998,3729.2833333333,1683.0,140.0,0.9232035106966539,2.252443498974354,39.0,0.6190476190476191,7.0,1.0,28.7166666667,18.0,1.0,0.9473684210526315,2.089378990131063,31.81,92.0,112.0,204.0,330.0,66.0,0.8,667.0,57.0,842.0,18.0,0.9116822700288811,1554.0,110.0,0.9292149292149292,253.0,29.0,0.8853754940711462,35.0,2.0,0.9428571428571428,0.9231281425977078,3442.0,2564.0,1839.0,140.05,141.0,0.9590354445090064,0.9238444806960304,-0.9499999999999886,0.4982050259274033,1249.0,1258.0,1171.0,3406.0,2569.0,1875.0,167.9,191.0,152.0,146.0,20.0,7.0,0.65,3.0,2.0,M-NTC,UFA,5000000.0,4333333.0,109.3347525279404,8.0,6.0,8.0,22.0,13.1,,, 
24,Elliott,Brian,CGY,2195.05,2.1867383430901346,-2.086570000000009,0.9211822660098522,0.9576271186440678,0.9170246305418719,4.219999999999999,1888,1401,1015,84.22,80,230,48,0.7913043478260869,459,10,326,22,0.921648125786339,36.58,68,98,166,1,0,-1,2090,1527,1078,86.77,84,63,125,2.296075260244641,0.47883414295628035,690,751,791,,,,,,,,,,,,,,,,,,,,,,,,,,,,,,,,,,,,,,,,,,,,,,,,,,,,,,,,,,,,,,,,,,,,,,,,,,,,,,,,,,,,,,,,,,,,,,,,,,,,,,,,,,,,,,,
25,Enroth,Jhonas,TOR,211.21,4.829316793712419,-8.095608,0.853448275862069,0.9123711340206185,0.9146551724137931,-7.1,194,158,116,9.9,17,27,7,0.7407407407407407,47,3,42,7,0.8571347123719464,35.12,4,6,10,0,0,0,211,160,107,9.28,4,6,10,1.1363098338146869,0.5144927536231884,71,67,71,Enroth,Jhonas,TOR,1988-06-25,Stockholm,,SWE,SWE,70.0,175.0,L,2006.0,2.0,46.0,6.0,4.0,2.0,0.0,3.0,0.0,1.0,141.0,123.0,18.0,0.8723404255319149,3.9353819992717036,-5.79786,274.4333333333,0.0,0.0,0.0,0.0,0.0,0.0,0.0,0.0,3.1898457427430085,0.0872769103,243.0,106.0,15.0,0.8760330578512396,3.7037037037037033,0.0,0.0,0.0,0.0,31.4333333333,17.0,3.0,0.85,5.72640509014393,37.59,5.0,8.0,13.0,37.0,7.0,0.8108108108108107,51.0,8.0,53.0,3.0,0.8734740378558359,117.0,17.0,0.8547008547008547,21.0,1.0,0.9523809523809523,3.0,0.0,1.0,0.8723040293040293,242.0,190.0,141.0,12.7,18.0,0.9256198347107438,0.9099290780141844,-5.300000000000001,0.5,91.0,91.0,79.0,272.0,208.0,146.0,14.59,7.0,10.0,12.0,3.0,1.0,0.6666666666666667,0.0,1.0,,UFA,750000.0,750000.0,112.37701931253642,,,,,0.2,,, 
26,Fleury,Marc-Andre,PIT,1644.77,2.735944843351958,-5.6839140000000015,0.9169435215946844,0.9532710280373832,0.9152713178294574,1.5100000000000051,1605,1181,903,76.51,75,234,43,0.8162393162393162,366,5,303,27,0.9226272217574847,33.69,74,73,147,3,1,-2,1629,1223,923,80.7,70,79,72,2.553548520461827,0.5547024952015355,578,464,627,Fleury,Marc-Andre,PIT,1984-11-28,Sorel,QC,CAN,CAN,74.0,180.0,L,2003.0,1.0,1.0,38.0,34.0,4.0,18.0,10.0,0.0,7.0,1181.0,1074.0,107.0,0.9093988145639289,3.020821079872956,-4.7962599999999895,2125.25,1.0,0.0,0.0,0.0,6.0,3.0,2.0,-1.0,3.1890836372191504,0.0880011088,2008.7,1003.0,101.0,0.9085144927536232,3.0168765868472143,16.0,0.47058823529411764,5.0,3.0,116.55,71.0,6.0,0.922077922077922,3.088803088803089,32.26,106.0,89.0,195.0,348.0,64.0,0.8160919540229885,417.0,37.0,416.0,6.0,0.916875504503559,964.0,80.0,0.91701244813278,193.0,26.0,0.8652849740932642,24.0,1.0,0.9583333333333334,0.9104106172826235,2084.0,1548.0,1181.0,112.04,107.0,0.9486564299424184,0.9051312447078746,5.040000000000006,0.5418956043956044,789.0,667.0,724.0,2073.0,1560.0,1161.0,112.96,104.0,102.0,82.0,15.0,7.0,0.5333333333333333,2.0,3.0,"M-NTC, NMC",UFA,5750000.0,5750000.0,117.3603105516998,5.0,3.0,3.0,11.0,6.4,,, 
27,Forsberg,Anton,CBJ,47.1,3.821656050955414,-1.08095,0.88,0.9318181818181819,0.9248000000000001,-1.12,44,35,25,1.88,3,6,3,0.5,12,0,7,0,0.8928499999999999,33.1,1,2,3,0,0,0,53,38,24,3.17,3,0,3,3.821656050955414,0.5,19,19,16,Forsberg,Anton,CBJ,1992-11-27,Härnösand,,SWE,SWE,75.0,192.0,L,2011.0,7.0,188.0,1.0,1.0,0.0,0.0,1.0,0.0,0.0,27.0,23.0,4.0,0.8518518518518519,4.096728307256954,-1.66342,58.5833333333,0.0,0.0,0.0,0.0,0.0,0.0,0.0,0.0,3.594879089617977,0.08209255530000001,58.5833333333,23.0,4.0,0.8518518518518519,4.096728307256954,0.0,0.0,0.0,0.0,0.0,0.0,0.0,0.0,0.0,31.46,1.0,2.0,3.0,7.0,4.0,0.4285714285714286,8.0,0.0,12.0,0.0,0.8645714285714285,27.0,4.0,0.8518518518518519,0.0,0.0,0.0,0.0,0.0,0.0,0.707888888888889,50.0,39.0,27.0,2.12,4.0,0.92,0.9214814814814815,-1.88,0.5434782608695652,25.0,21.0,18.0,58.0,41.0,26.0,3.51,3.0,0.0,3.0,0.0,0.0,0.0,0.0,0.0,,RFA,650000.0,650000.0,110.61166429593777,,,,,0.0,,, 
28,Gibson,John,ANA,2269.48,1.8770819747254879,12.593817999999999,0.9348025711662076,0.9649901380670611,0.9170615243342516,19.319999999999993,2028,1506,1089,90.32,71,233,41,0.8240343347639485,447,10,409,20,0.9351286691184857,32.13,65,95,160,1,1,0,2105,1582,1105,98.89,78,82,117,2.0621463947688454,0.5003494060097834,716,715,720,,,,,,,,,,,,,,,,,,,,,,,,,,,,,,,,,,,,,,,,,,,,,,,,,,,,,,,,,,,,,,,,,,,,,,,,,,,,,,,,,,,,,,,,,,,,,,,,,,,,,,,,,,,,,,,
29,Gillies,Jon,CGY,50.17,1.1959338249950169,0.9190499999999999,0.96,0.9803921568627451,0.8676,2.31,51,42,25,3.31,1,6,0,1.0,12,0,7,1,0.9483857142857144,18.97,7,1,8,0,0,0,38,25,19,1.78,3,1,4,3.5878014749850506,0.34375,11,21,18,Gillies,Jon,CGY,1994-01-22,Concord,NH,USA,USA,78.0,223.0,L,2012.0,3.0,75.0,1.0,1.0,0.0,1.0,0.0,0.0,0.0,28.0,27.0,1.0,0.9642857142857143,1.0,1.42312,60.0,0.0,0.0,0.0,0.0,0.0,0.0,0.0,0.0,2.71,0.0754124116,60.0,27.0,1.0,0.9642857142857143,1.0,1.0,1.0,0.0,0.0,0.0,0.0,0.0,0.0,0.0,22.95,7.0,1.0,8.0,6.0,0.0,1.0,9.0,1.0,13.0,0.0,0.9573333333333334,25.0,1.0,0.96,3.0,0.0,1.0,0.0,0.0,0.0,0.94376,57.0,46.0,28.0,3.51,1.0,0.9824561403508771,0.8746428571428572,2.51,0.3902439024390244,16.0,25.0,19.0,52.0,33.0,24.0,2.71,4.0,2.0,7.0,0.0,0.0,0.0,0.0,0.0,,RFA,925000.0,925000.0,109.0,1.0,0.0,0.0,1.0,0.30000000000000004,,, 
30,Greiss,Thomas,NYI,2288.86,2.4378948472165183,-2.727888000000007,0.9209183673469388,0.9603411513859275,0.909124149659864,13.870000000000005,2345,1698,1176,106.87,93,287,52,0.8188153310104529,422,7,467,34,0.9278278182209913,30.01,69,123,192,0,4,4,2078,1545,1119,90.57,100,55,120,2.6213923088349658,0.5022255192878339,677,671,757,Greiss,Thomas,NYI,1986-01-29,Fussen,,DEU,DEU,73.0,228.0,L,2004.0,3.0,94.0,51.0,49.0,2.0,26.0,18.0,0.0,5.0,1453.0,1327.0,126.0,0.9132828630419821,2.68725155067925,-0.2573799999999977,2813.2833333333,3.0,0.0,1.0,1.0,0.0,0.0,4.0,4.0,2.600662334046252,0.086780617,2744.15,1300.0,121.0,0.9148486980999296,2.6456279722318388,30.0,0.6122448979591837,11.0,7.0,69.1333333333,27.0,5.0,0.84375,4.339440694312604,29.5,84.0,133.0,217.0,370.0,68.0,0.8162162162162162,604.0,47.0,479.0,11.0,0.9178588994807136,1245.0,100.0,0.9196787148594378,174.0,21.0,0.8793103448275862,34.0,5.0,0.8529411764705882,0.9122499694518439,2861.0,2086.0,1453.0,138.15,126.0,0.9559594547361062,0.9049208534067447,12.150000000000006,0.500847936687394,886.0,883.0,843.0,2562.0,1921.0,1386.0,121.94,134.0,79.0,136.0,19.0,8.0,0.5789473684210527,1.0,2.0,,UFA,2000000.0,1500000.0,115.65845364550455,2.0,6.0,6.0,14.0,8.6,,, 
31,Grubauer,Philipp,WSH,967.33,1.612686466872732,7.161183999999999,0.9398148148148148,0.968408262454435,0.918425925925926,9.240000000000002,823,605,432,35.24,26,92,15,0.8369565217391304,175,1,165,10,0.9407376700545831,36.55,32,49,81,0,1,1,911,668,476,36.87,46,25,44,2.853214518313295,0.5135623869801085,284,269,340,Grubauer,Philipp,WSH,1991-11-25,Rosenheim,,DEU,DEU,73.0,182.0,L,2010.0,4.0,112.0,24.0,19.0,5.0,13.0,6.0,0.0,2.0,585.0,542.0,43.0,0.9264957264957265,2.0402245828610055,7.6259000000000015,1264.5666666667,3.0,0.0,0.0,0.0,0.0,0.0,1.0,1.0,2.457758916097676,0.08237465620000001,1139.6333333333,504.0,37.0,0.9316081330868762,1.9479949691421787,13.0,0.6842105263157895,1.0,0.0,124.9333333333,38.0,6.0,0.8636363636363636,2.8815368196379083,32.48,48.0,55.0,103.0,149.0,26.0,0.825503355704698,235.0,16.0,201.0,1.0,0.9306140423116462,463.0,29.0,0.937365010799136,111.0,13.0,0.8828828828828829,11.0,1.0,0.9090909090909091,0.9287603157840739,1108.0,829.0,585.0,55.67,43.0,0.9611913357400722,0.9048376068376068,12.670000000000002,0.47297297297297297,385.0,429.0,385.0,1132.0,835.0,601.0,51.8,68.0,37.0,49.0,2.0,0.0,1.0,1.0,0.0,,RFA,850000.0,750000.0,106.28146664206167,6.0,1.0,0.0,7.0,4.4,,, 
32,Gudlevskis,Kristers,TBL,11.45,0.0,0.230286,1.0,1.0,0.91,0.27,7,6,3,0.27,0,0,0,0.0,1,0,2,0,0.7857000000000001,60.91,0,0,0,0,0,0,17,10,7,0.64,0,1,0,0.0,0.5,3,3,3,Gudlevskis,Kristers,TBL,1992-07-31,Aizkraukle,,LVA,LVA,75.0,223.0,L,2013.0,5.0,124.0,1.0,0.0,1.0,0.0,0.0,0.0,0.0,3.0,3.0,0.0,1.0,0.0,0.25962,11.45,0.0,0.0,0.0,0.0,0.0,0.0,0.0,0.0,3.3537117903930134,0.10064412240000001,0.0,0.0,0.0,0.0,0.0,0.0,0.0,0.0,,11.45,3.0,0.0,1.0,0.0,60.91,0.0,0.0,0.0,0.0,0.0,0.0,2.0,0.0,1.0,0.0,0.763,3.0,0.0,1.0,0.0,0.0,0.0,0.0,0.0,0.0,0.8310000000000001,7.0,6.0,3.0,0.27,0.0,1.0,0.91,0.27,0.5,3.0,3.0,3.0,17.0,10.0,7.0,0.64,0.0,1.0,0.0,0.0,0.0,0.0,0.0,0.0,,,,,125.76419213973799,,,,,0.0,,, 
33,Gustavsson,Jonas,EDM,275.78,2.610776706070056,-2.865322000000001,0.8991596638655462,0.944954128440367,0.9221848739495798,-2.74,218,162,119,9.26,12,30,7,0.7666666666666666,49,2,40,3,0.9055767176870748,43.54,6,9,15,0,0,0,272,200,140,11.15,10,13,8,2.1756472550583803,0.5397727272727273,95,81,94,,,,,,,,,,,,,,,,,,,,,,,,,,,,,,,,,,,,,,,,,,,,,,,,,,,,,,,,,,,,,,,,,,,,,,,,,,,,,,,,,,,,,,,,,,,,,,,,,,,,,,,,,,,,,,,
34,Halak,Jaroslav,NYI,1242.1,2.608485629176395,-3.0300320000000056,0.9186746987951807,0.9582689335394127,0.9135391566265061,3.4099999999999966,1294,924,664,57.41,54,169,32,0.8106508875739645,284,9,211,13,0.923712999858993,31.9,34,57,91,0,0,0,1148,834,635,54.37,58,43,55,2.801706786893165,0.5059132720105125,385,376,418,Halak,Jaroslav,NYI,1985-05-13,Bratislava,,SVK,SVK,71.0,181.0,L,2003.0,9.0,271.0,28.0,26.0,2.0,12.0,9.0,0.0,5.0,885.0,810.0,75.0,0.9152542372881356,2.8028942478381964,1.5879000000000048,1605.4833333333,2.0,0.0,1.0,1.0,0.0,0.0,1.0,1.0,2.717686262703915,0.08857816460000001,1508.0333333333,769.0,70.0,0.9165673420738975,2.785084326164381,14.0,0.5384615384615384,3.0,3.0,97.45,41.0,5.0,0.8913043478260869,3.078501795792714,30.88,48.0,61.0,109.0,251.0,43.0,0.8286852589641435,303.0,21.0,331.0,11.0,0.9201893788252213,701.0,59.0,0.9158345221112696,169.0,15.0,0.9112426035502958,15.0,1.0,0.9333333333333333,0.9155665746594749,1715.0,1228.0,885.0,82.86,75.0,0.956268221574344,0.9063728813559322,7.859999999999999,0.48405253283302063,516.0,550.0,478.0,1412.0,1047.0,787.0,72.72,70.0,53.0,69.0,8.0,3.0,0.625,1.0,2.0,,UFA,4750000.0,4500000.0,116.86200417320053,4.0,1.0,1.0,6.0,5.4,,, 
35,Hammond,Andrew,OTT,161.66,3.711493257453916,-4.549898000000001,0.8591549295774648,0.9212598425196851,0.8904225352112676,-2.2199999999999998,127,100,71,7.78,10,24,4,0.8333333333333334,31,2,16,4,0.846577688172043,42.74,3,10,13,0,0,0,166,114,79,4.85,1,6,10,0.3711493257453916,0.6396396396396397,71,40,45,,,,,,,,,,,,,,,,,,,,,,,,,,,,,,,,,,,,,,,,,,,,,,,,,,,,,,,,,,,,,,,,,,,,,,,,,,,,,,,,,,,,,,,,,,,,,,,,,,,,,,,,,,,,,,,
36,Hellberg,Magnus,NYR,74.66,1.6072863648540048,0.07257399999999992,0.9259259259259259,0.967741935483871,0.8855555555555555,1.0899999999999999,62,41,27,3.09,2,8,2,0.75,11,0,8,0,0.9464250000000001,25.9,2,3,5,0,0,0,70,54,37,3.82,3,1,1,2.410929547281007,0.5087719298245614,29,28,24,Hellberg,Magnus,NYR,1991-04-04,Uppsala,,SWE,SWE,78.0,209.0,L,2011.0,2.0,38.0,2.0,1.0,1.0,1.0,0.0,0.0,0.0,28.0,26.0,2.0,0.9285714285714286,1.528337932497759,0.42311999999999994,78.5166666667,0.0,0.0,0.0,0.0,0.0,0.0,0.0,0.0,3.3088516238576484,0.09599359410000001,59.9833333333,22.0,2.0,0.9166666666666666,2.0005557099205338,1.0,1.0,0.0,0.0,18.5333333333,4.0,0.0,1.0,0.0,25.28,2.0,3.0,5.0,8.0,2.0,0.75,9.0,0.0,11.0,0.0,0.94075,27.0,2.0,0.9259259259259259,0.0,0.0,0.0,1.0,0.0,1.0,0.7924444444444445,66.0,42.0,28.0,3.16,2.0,0.9696969696969697,0.8871428571428571,1.1600000000000001,0.5230769230769231,34.0,31.0,26.0,80.0,62.0,45.0,4.33,6.0,2.0,1.0,0.0,0.0,0.0,0.0,0.0,,UFA,650000.0,625000.0,111.5686690723364,0.0,0.0,1.0,1.0,0.2,,, 
37,Hellebuyck,Connor,WPG,2279.98,2.552653970648865,-6.0370300000000015,0.9181434599156119,0.9542668552569543,0.9194514767932489,-1.5499999999999972,2121,1590,1185,95.45,97,274,57,0.791970802919708,561,11,350,29,0.9171614887239568,34.86,78,152,230,0,1,1,2055,1556,1145,99.21,101,76,152,2.657918051912736,0.49743589743589745,679,686,821,Hellebuyck,Connor,WPG,1993-05-19,Commerce,MI,USA,USA,76.0,207.0,L,2012.0,5.0,130.0,56.0,53.0,3.0,26.0,19.0,0.0,4.0,1572.0,1426.0,146.0,0.9071246819338422,2.887737554323608,-9.959119999999984,3033.5166666667,4.0,0.0,0.0,0.0,0.0,0.0,1.0,1.0,2.8337408178626253,0.0860407353,2958.3833333333,1399.0,144.0,0.9066753078418665,2.920514019481394,25.0,0.4716981132075472,9.0,9.0,75.1333333333,27.0,2.0,0.9310344827586207,1.597160603372492,33.42,102.0,170.0,272.0,387.0,82.0,0.7881136950904393,519.0,43.0,639.0,17.0,0.9078849747376734,1259.0,104.0,0.9173947577442415,269.0,38.0,0.8587360594795539,44.0,4.0,0.9090909090909091,0.9086395992785705,2809.0,2097.0,1545.0,138.6,142.0,0.9494482022071912,0.9102912621359224,-3.4000000000000057,0.48715313463514903,948.0,998.0,945.0,2631.0,2016.0,1485.0,143.27,147.0,108.0,175.0,16.0,4.0,0.75,3.0,1.0,,RFA,692500.0,667500.0,107.59789243507142,7.0,1.0,2.0,10.0,8.1,,, 
38,Holtby,Braden,WSH,2874.2,1.7952821654721314,17.93574799999999,0.9364844903988183,0.96662786185487,0.9119350073855244,33.239999999999995,2577,1937,1354,119.24,86,315,56,0.8222222222222222,583,4,456,26,0.9383899482912541,34.23,103,183,286,0,2,2,2745,2027,1465,124.08,132,98,155,2.7555493702595504,0.5281159420289855,911,814,1012,Holtby,Braden,WSH,1989-09-16,Lloydminster,SK,CAN,CAN,74.0,217.0,L,2008.0,4.0,93.0,63.0,63.0,0.0,42.0,13.0,0.0,6.0,1690.0,1563.0,127.0,0.9248520710059172,2.070558398623232,19.2526,3680.1666666667,9.0,0.0,0.0,0.0,0.0,0.0,2.0,2.0,2.7906888274987294,0.0880333583,3680.1666666667,1563.0,127.0,0.9248520710059172,2.070558398623232,39.0,0.6190476190476191,8.0,5.0,0.0,0.0,0.0,0.0,0.0,33.87,138.0,207.0,345.0,437.0,84.0,0.8077803203661327,594.0,39.0,659.0,4.0,0.9269313594794475,1453.0,95.0,0.9346180316586373,197.0,30.0,0.8477157360406091,40.0,2.0,0.95,0.9222840817702567,3249.0,2428.0,1690.0,161.74,127.0,0.9609110495537089,0.9042958579881657,34.74000000000001,0.5192387256930079,1255.0,1162.0,1147.0,3483.0,2603.0,1859.0,171.17,190.0,119.0,178.0,22.0,11.0,0.5,1.0,5.0,,UFA,7000000.0,6100000.0,109.75589873646928,11.0,8.0,7.0,26.0,12.3,,, 
39,Howard,Jimmy,DET,1096.08,2.189621195533173,0.9909079999999975,0.9250936329588015,0.9599198396793587,0.919438202247191,3.020000000000003,998,757,534,43.02,40,113,21,0.8141592920353982,251,9,170,10,0.9237038652262373,32.76,38,61,99,1,0,-1,908,688,503,39.18,31,25,49,1.696956426538209,0.4903314917127072,355,369,358,,,,,,,,,,,,,,,,,,,,,,,,,,,,,,,,,,,,,,,,,,,,,,,,,,,,,,,,,,,,,,,,,,,,,,,,,,,,,,,,,,,,,,,,,,,,,,,,,,,,,,,,,,,,,,,
40,Hutchinson,Michael,WPG,1072.8,2.516778523489933,-5.160522,0.9132947976878613,0.9524815205913411,0.9205009633911369,-3.740000000000002,947,703,519,41.26,45,114,26,0.7719298245614035,211,4,194,15,0.9151434967628678,30.35,31,65,96,0,0,0,915,665,467,38.95,32,32,61,1.7897091722595078,0.4669811320754717,297,339,371,Hutchinson,Michael,WPG,1990-03-02,Barrie,ON,CAN,CAN,75.0,202.0,R,2008.0,3.0,77.0,28.0,20.0,8.0,9.0,12.0,0.0,3.0,690.0,623.0,67.0,0.9028985507246376,2.9165659008465035,-7.287399999999998,1378.3333333333,1.0,0.0,0.0,0.0,0.0,0.0,0.0,0.0,2.337605804111302,0.08634281120000001,1154.2666666667,536.0,56.0,0.9054054054054054,2.9109391244079093,8.0,0.4,1.0,2.0,224.0666666667,87.0,11.0,0.8877551020408163,2.9455519190712667,28.77,41.0,69.0,110.0,159.0,35.0,0.779874213836478,273.0,25.0,259.0,7.0,0.9024221102711669,549.0,47.0,0.9143897996357013,119.0,18.0,0.8487394957983193,22.0,2.0,0.9090909090909091,0.9046829807929134,1253.0,931.0,691.0,58.91,67.0,0.9465283320031923,0.9147467438494935,-8.090000000000003,0.45870535714285715,411.0,485.0,453.0,1146.0,840.0,592.0,53.7,51.0,40.0,73.0,0.0,0.0,0.0,0.0,0.0,,UFA,1000000.0,1150000.0,104.43047158404121,2.0,1.0,1.0,4.0,3.2,,, 
41,Hutton,Carter,STL,1127.43,2.128735265160586,-1.0816659999999985,0.9211045364891519,0.958974358974359,0.9177120315581854,1.7199999999999989,975,715,507,41.72,40,96,16,0.8333333333333334,201,5,210,19,0.9210370717839375,30.63,38,41,79,2,2,0,1003,734,501,41.24,39,32,46,2.0755168835315714,0.49519890260631,361,368,395,Hutton,Carter,STL,1985-12-19,Thunder Bay,ON,CAN,CAN,73.0,195.0,L,,,,30.0,21.0,9.0,13.0,8.0,0.0,2.0,663.0,605.0,58.0,0.9125188536953243,2.3851136013159246,-0.623979999999996,1459.05,4.0,0.0,1.0,1.0,4.0,2.0,2.0,0.0,2.346869538398273,0.0893512647,1247.4,525.0,46.0,0.9194395796847635,2.2126022126022122,11.0,0.5238095238095238,3.0,1.0,211.65,80.0,12.0,0.8695652173913043,3.401842664776754,30.07,48.0,49.0,97.0,137.0,25.0,0.8175182481751825,299.0,28.0,227.0,5.0,0.9124439409756372,536.0,44.0,0.917910447761194,112.0,13.0,0.8839285714285714,15.0,1.0,0.9333333333333333,0.9133038201847904,1264.0,930.0,663.0,58.0,58.0,0.9541139240506329,0.9125188536953243,0.0,0.48902195608782434,490.0,512.0,464.0,1266.0,940.0,659.0,57.07,65.0,43.0,52.0,4.0,1.0,0.75,1.0,0.0,,UFA,1250000.0,1125000.0,104.04030019533258,5.0,3.0,1.0,9.0,3.8,,, 
42,Jarry,Tristan,PIT,58.36,2.05620287868403,-0.15771200000000007,0.9166666666666666,0.9591836734693877,0.8879166666666667,0.69,49,37,24,2.69,2,8,0,1.0,9,1,7,1,0.9012301587301588,28.7,0,1,1,0,0,0,55,35,24,2.69,2,2,3,2.05620287868403,0.5,24,24,18,Jarry,Tristan,PIT,1995-04-29,Surrey,BC,CAN,CAN,74.0,194.0,L,2013.0,2.0,44.0,1.0,1.0,0.0,0.0,1.0,0.0,0.0,25.0,22.0,3.0,0.88,3.0638297872340425,-0.8365,58.75,0.0,0.0,0.0,0.0,0.0,0.0,0.0,0.0,2.747234042553192,0.0985973597,58.75,22.0,3.0,0.88,3.0638297872340425,0.0,0.0,0.0,0.0,0.0,0.0,0.0,0.0,0.0,27.95,0.0,1.0,1.0,8.0,0.0,1.0,8.0,2.0,9.0,1.0,0.8618888888888889,24.0,2.0,0.9166666666666666,1.0,1.0,0.0,0.0,0.0,0.0,0.76175,50.0,38.0,25.0,2.74,3.0,0.94,0.8904,-0.2599999999999998,0.48,24.0,26.0,18.0,55.0,35.0,24.0,2.69,2.0,2.0,3.0,0.0,0.0,0.0,0.0,0.0,,RFA,575000.0,630833.0,107.23404255319149,,,,,0.0,,, 
43,Johnson,Chad,CGY,1528.6,2.4728509747481358,-5.658785999999999,0.9156626506024097,0.9563409563409564,0.9078580990629184,5.829999999999998,1443,1075,747,68.83,63,178,36,0.797752808988764,298,6,271,21,0.9201160435491694,29.74,54,79,133,0,0,0,1331,975,736,58.52,52,49,76,2.0410833442365566,0.4804646251319958,455,492,545,,,,,,,,,,,,,,,,,,,,,,,,,,,,,,,,,,,,,,,,,,,,,,,,,,,,,,,,,,,,,,,,,,,,,,,,,,,,,,,,,,,,,,,,,,,,,,,,,,,,,,,,,,,,,,,
44,Jones,Martin,SJS,3001.43,2.2389327753770703,-9.215682000000001,0.9163554891710232,0.9595667870036101,0.9089843166542195,9.870000000000005,2770,1937,1339,121.87,112,315,57,0.819047619047619,522,11,502,44,0.9206108806590823,32.7,93,166,259,0,1,1,2981,2162,1517,134.5,121,107,145,2.418847016255585,0.5260212646894236,940,847,1092,Jones,Martin,SJS,1990-01-10,North Vancouver,BC,CAN,CAN,76.0,190.0,L,,,,65.0,65.0,0.0,35.0,23.0,0.0,6.0,1725.0,1573.0,152.0,0.9118840579710145,2.3997789677266566,-2.7184999999999775,3800.35,2.0,0.0,0.0,0.0,0.0,0.0,1.0,1.0,2.843106555975108,0.08590021760000001,3800.35,1573.0,152.0,0.9118840579710145,2.3997789677266566,39.0,0.6,8.0,3.0,0.0,0.0,0.0,0.0,0.0,32.01,120.0,188.0,308.0,441.0,83.0,0.8117913832199546,681.0,55.0,600.0,14.0,0.9155380086307652,1401.0,118.0,0.9157744468236974,276.0,32.0,0.8840579710144928,48.0,2.0,0.9583333333333334,0.9121226957452752,3509.0,2484.0,1722.0,167.92,152.0,0.9566828156169849,0.9024854819976771,15.919999999999987,0.5268373245251858,1276.0,1146.0,1245.0,3734.0,2714.0,1912.0,180.08,175.0,139.0,174.0,9.0,2.0,0.7777777777777778,2.0,1.0,,UFA,3000000.0,3000000.0,114.3526254160801,9.0,1.0,6.0,16.0,9.9,,, 
45,Khudobin,Anton,BOS,687.19,2.5320508156405066,-5.127018,0.9067524115755627,0.9483985765124555,0.920225080385852,-4.190000000000001,562,426,311,24.81,29,78,18,0.7692307692307692,139,3,94,8,0.9106375054457252,38.87,13,25,38,1,0,-1,751,555,364,30.1,24,19,21,2.095490330185247,0.5254988913525499,237,214,228,,,,,,,,,,,,,,,,,,,,,,,,,,,,,,,,,,,,,,,,,,,,,,,,,,,,,,,,,,,,,,,,,,,,,,,,,,,,,,,,,,,,,,,,,,,,,,,,,,,,,,,,,,,,,,,
46,Kinkaid,Keith,NJD,1117.46,2.3625006711649634,0.52196,0.9241379310344827,0.9585687382297552,0.918,3.5600000000000023,1062,794,580,47.56,44,123,22,0.8211382113821138,228,2,229,20,0.9263925265288048,26.0,38,48,86,0,4,4,945,713,545,43.75,37,24,28,1.9866482916614463,0.4497991967871486,336,411,380,,,,,,,,,,,,,,,,,,,,,,,,,,,,,,,,,,,,,,,,,,,,,,,,,,,,,,,,,,,,,,,,,,,,,,,,,,,,,,,,,,,,,,,,,,,,,,,,,,,,,,,,,,,,,,,
47,Korpisalo,Joonas,CBJ,646.87,2.782630203904958,-4.975588000000002,0.9079754601226994,0.952,0.9085276073619631,-0.17999999999999972,625,477,326,29.82,30,68,16,0.7647058823529411,131,5,127,9,0.9077740602979185,28.45,20,32,52,0,1,1,613,466,366,28.55,37,20,26,3.431910584816115,0.4624145785876993,203,236,215,Korpisalo,Joonas,CBJ,1994-04-28,Pori,,FIN,FIN,75.0,190.0,L,2012.0,3.0,62.0,14.0,13.0,1.0,7.0,5.0,0.0,1.0,401.0,363.0,38.0,0.9052369077306733,2.8841896649869123,-3.297460000000001,790.5166666667,1.0,0.0,0.0,0.0,0.0,0.0,1.0,1.0,2.6792603993167896,0.08762096970000001,777.5,358.0,38.0,0.9040404040404041,2.932475884244373,6.0,0.46153846153846156,2.0,0.0,13.0166666667,5.0,0.0,1.0,0.0,27.09,26.0,35.0,61.0,94.0,18.0,0.8085106382978724,164.0,14.0,143.0,6.0,0.90593443556962,343.0,32.0,0.9067055393586005,55.0,6.0,0.8909090909090909,3.0,0.0,1.0,0.9065450304797243,776.0,590.0,401.0,39.84,38.0,0.9510309278350515,0.900648379052369,1.8400000000000034,0.4577205882352941,249.0,295.0,250.0,713.0,538.0,428.0,35.3,49.0,28.0,30.0,0.0,0.0,0.0,0.0,0.0,,RFA,792500.0,742500.0,113.01469503067139,1.0,1.0,1.0,3.0,2.0,,, 
48,Kuemper,Darcy,MIN,866.41,2.9778049653166514,-6.461288000000003,0.9096638655462185,0.9508571428571428,0.9237394957983194,-6.700000000000003,875,657,476,36.3,43,82,17,0.7926829268292683,224,9,170,17,0.9023901655052264,29.92,29,37,66,2,1,-1,811,626,465,42.28,49,40,47,3.3933126348957194,0.4897959183673469,264,275,347,Kuemper,Darcy,MIN,1990-05-05,Saskatoon,SK,CAN,CAN,77.0,215.0,L,2009.0,6.0,161.0,18.0,17.0,1.0,8.0,5.0,0.0,3.0,562.0,507.0,55.0,0.902135231316726,3.1338039314995765,-6.364519999999999,1053.0333333333,0.0,0.0,1.0,1.0,4.0,2.0,1.0,-1.0,2.963438954132599,0.0846492367,997.6666666667,489.0,53.0,0.9022140221402214,3.1874373538254863,5.0,0.29411764705882354,3.0,2.0,55.3666666667,18.0,2.0,0.9,2.1673690547849684,29.22,34.0,41.0,75.0,104.0,23.0,0.7788461538461539,212.0,22.0,246.0,10.0,0.8923309777927243,493.0,46.0,0.9066937119675457,61.0,8.0,0.8688524590163934,8.0,1.0,0.875,0.9004399336614238,1046.0,791.0,562.0,46.2,55.0,0.9474187380497132,0.9177935943060498,-8.799999999999997,0.4823529411764706,328.0,352.0,387.0,970.0,742.0,558.0,52.01,63.0,49.0,50.0,0.0,0.0,0.0,0.0,0.0,,UFA,1550000.0,1550000.0,114.86815865278447,3.0,0.0,0.0,3.0,2.6,,, 
49,Lack,Eddie,CAR,840.34,2.213389818406835,-0.6790100000000017,0.9215189873417722,0.9607097591888466,0.9048860759493671,6.57,789,595,395,37.57,31,103,20,0.8058252427184466,165,2,127,9,0.9276401700824468,34.17,37,48,85,0,2,2,806,590,423,37.01,26,38,51,1.856391460599281,0.5390781563126252,269,230,261,,,,,,,,,,,,,,,,,,,,,,,,,,,,,,,,,,,,,,,,,,,,,,,,,,,,,,,,,,,,,,,,,,,,,,,,,,,,,,,,,,,,,,,,,,,,,,,,,,,,,,,,,,,,,,,
50,Langhamer,Marek,ARI,7.39,0.0,0.153524,1.0,1.0,0.915,0.17,8,3,2,0.17,0,1,0,1.0,1,0,0,0,0.6387,37.08,0,0,0,0,0,0,5,4,4,0.18,0,0,0,0.0,0.2,1,4,1,Langhamer,Marek,ARI,1994-07-22,Moravska Trebova,,CZE,CZE,74.0,193.0,L,2012.0,7.0,184.0,1.0,0.0,1.0,0.0,0.0,0.0,0.0,8.0,7.0,1.0,0.875,3.8668098818391687,-0.30767999999999995,15.5166666667,0.0,0.0,0.0,0.0,0.0,0.0,0.0,0.0,0.6960257787310504,0.08771203970000001,0.0,0.0,0.0,0.0,0.0,0.0,0.0,0.0,,15.5166666667,7.0,1.0,0.875,3.8668098818391687,34.16,1.0,0.0,1.0,2.0,0.0,1.0,1.0,0.0,5.0,1.0,0.9242,6.0,1.0,0.8333333333333334,1.0,0.0,1.0,1.0,0.0,1.0,0.8615000000000002,18.0,11.0,8.0,0.73,1.0,0.9444444444444444,0.90875,-0.27,0.3333333333333333,3.0,6.0,2.0,5.0,4.0,4.0,0.18,0.0,0.0,0.0,0.0,0.0,0.0,0.0,0.0,,RFA,673334.0,648333.0,88.93662728230089,,,,,0.0,,, 
51,Lehner,Robin,BUF,2718.53,2.4057119104810316,6.373285999999993,0.927478376580173,0.9587277546383945,0.9294876912840985,-3.019999999999996,2641,2030,1503,105.98,109,265,58,0.7811320754716982,756,11,482,40,0.9169380690088261,33.19,85,114,199,2,2,0,2379,1840,1371,109.08,92,87,131,2.03050913545188,0.4765533411488863,813,893,955,,,,,,,,,,,,,,,,,,,,,,,,,,,,,,,,,,,,,,,,,,,,,,,,,,,,,,,,,,,,,,,,,,,,,,,,,,,,,,,,,,,,,,,,,,,,,,,,,,,,,,,,,,,,,,,
52,Lehtonen,Kari,DAL,2559.68,2.179959994999375,2.1848799999999926,0.925,0.9627851140456183,0.9052903225806451,24.439999999999998,2499,1783,1240,117.44,93,296,50,0.8310810810810811,497,12,447,31,0.9284969936281331,32.37,111,122,233,2,3,1,2458,1790,1293,112.12,101,101,119,2.367483435429429,0.4634864546525324,787,911,934,Lehtonen,Kari,DAL,1983-11-16,Helsinki,,FIN,FIN,76.0,190.0,L,2002.0,1.0,2.0,59.0,52.0,7.0,22.0,25.0,0.0,7.0,1546.0,1395.0,151.0,0.9023285899094438,2.8516122940371083,-17.209159999999997,3177.15,3.0,0.0,1.0,1.0,4.0,2.0,5.0,3.0,2.8102544733487558,0.08573541450000001,2922.2166666667,1278.0,140.0,0.9012693935119888,2.874530179715138,27.0,0.5192307692307693,12.0,7.0,254.9333333333,117.0,11.0,0.9140625,2.5889121338915517,30.88,140.0,136.0,276.0,410.0,84.0,0.7951219512195122,587.0,51.0,550.0,16.0,0.9070555858833484,1293.0,103.0,0.9203402938901779,211.0,41.0,0.8056872037914692,42.0,7.0,0.8333333333333334,0.9015997826429591,3061.0,2214.0,1547.0,155.63,151.0,0.9506697157791572,0.89939883645766,4.6299999999999955,0.4729241877256318,1048.0,1168.0,1059.0,3010.0,2218.0,1592.0,148.81,143.0,122.0,134.0,11.0,5.0,0.5454545454545454,1.0,2.0,M-NTC,UFA,6000000.0,5900000.0,114.64992209999528,5.0,3.0,3.0,11.0,7.1,,, 
53,Leighton,Michael,CAR,168.49,3.9171464181850553,-5.549898000000001,0.8450704225352113,0.9256756756756757,0.897887323943662,-3.75,148,102,71,7.25,11,20,5,0.75,23,1,28,5,0.8634549689440993,28.29,10,7,17,0,0,0,158,118,94,8.59,9,11,6,3.204937978515045,0.6233766233766234,48,29,61,Leighton,Michael,CAR,1981-05-19,Petrolia,ON,CAN,CAN,75.0,186.0,L,1999.0,6.0,165.0,4.0,3.0,1.0,2.0,2.0,0.0,0.0,92.0,80.0,12.0,0.8695652173913043,3.423951811049128,-4.03832,210.2833333333,0.0,0.0,1.0,1.0,0.0,0.0,0.0,0.0,3.027344059602604,0.0853058233,175.6833333333,67.0,9.0,0.881578947368421,3.073712171521312,1.0,0.3333333333333333,1.0,0.0,34.6,13.0,3.0,0.8125,5.202312138728324,28.21,12.0,7.0,19.0,23.0,6.0,0.7391304347826086,39.0,5.0,30.0,1.0,0.8763098104793756,73.0,11.0,0.8493150684931507,18.0,1.0,0.9444444444444444,1.0,0.0,1.0,0.8666697108066972,188.0,131.0,92.0,9.1,12.0,0.9361702127659575,0.9010869565217391,-2.9000000000000004,0.6071428571428571,68.0,44.0,72.0,192.0,142.0,112.0,10.61,13.0,13.0,7.0,0.0,0.0,0.0,0.0,0.0,,UFA,700000.0,700000.0,108.4251406832224,1.0,0.0,0.0,1.0,0.1,,, 
54,Lindgren,Charlie,MTL,111.02,1.6213294901819493,1.0683860000000003,0.9433962264150944,0.9634146341463414,0.9205660377358491,1.21,82,70,53,4.21,3,9,1,0.8888888888888888,21,0,23,2,0.9447714975845412,33.07,2,4,6,0,0,0,93,72,52,5.31,4,6,3,2.161772653575932,0.4461538461538462,29,36,33,Lindgren,Charlie,MTL,1993-12-18,Lakeville,MN,USA,USA,74.0,190.0,R,,,,2.0,2.0,0.0,2.0,0.0,0.0,0.0,59.0,56.0,3.0,0.9491525423728814,1.4790468364831553,2.1058600000000007,121.7,0.0,0.0,0.0,0.0,0.0,0.0,0.0,0.0,3.23911257189811,0.0788003555,121.7,56.0,3.0,0.9491525423728814,1.4790468364831553,2.0,1.0,0.0,0.0,0.0,0.0,0.0,0.0,0.0,33.03,2.0,4.0,6.0,10.0,1.0,0.9,26.0,2.0,23.0,0.0,0.9467615384615385,54.0,3.0,0.9444444444444444,1.0,0.0,1.0,4.0,0.0,1.0,0.9538333333333334,93.0,80.0,59.0,4.87,3.0,0.967741935483871,0.9174576271186441,1.87,0.4383561643835616,32.0,41.0,34.0,104.0,82.0,61.0,6.57,7.0,6.0,6.0,0.0,0.0,0.0,0.0,0.0,,RFA,925000.0,925000.0,97.1240755957272,0.0,0.0,1.0,1.0,0.6000000000000001,,, 
55,Lundqvist,Henrik,NYR,2618.15,2.5208639688329546,-6.6015859999999975,0.9183370452858204,0.9571817827948618,0.9134818114328136,6.540000000000006,2569,1885,1347,116.54,110,316,54,0.8291139240506329,564,11,467,45,0.920287033798912,29.41,80,139,219,0,6,6,2303,1725,1204,107.99,116,75,116,2.6583656398602065,0.49560853199498117,790,804,912,,,,,,,,,,,,,,,,,,,,,,,,,,,,,,,,,,,,,,,,,,,,,,,,,,,,,,,,,,,,,,,,,,,,,,,,,,,,,,,,,,,,,,,,,,,,,,,,,,,,,,,,,,,,,,,
56,Luongo,Roberto,FLA,1762.9,2.722786317998752,-7.843720000000005,0.9148936170212766,0.9495268138801262,0.9213191489361702,-6.040000000000006,1585,1228,940,73.96,80,186,44,0.7634408602150538,386,8,368,28,0.9130193040305019,32.85,70,76,146,1,4,3,1634,1241,897,66.33,59,44,72,2.0080549095240796,0.5146927871772039,578,545,617,,,,,,,,,,,,,,,,,,,,,,,,,,,,,,,,,,,,,,,,,,,,,,,,,,,,,,,,,,,,,,,,,,,,,,,,,,,,,,,,,,,,,,,,,,,,,,,,,,,,,,,,,,,,,,,
57,Markstrom,Jacob,VAN,1098.48,2.348700021848372,-2.239378000000002,0.9190207156308852,0.955067920585162,0.9151035781544257,2.0799999999999983,957,731,531,45.08,43,118,26,0.7796610169491526,194,4,219,13,0.9225838085048155,30.62,30,36,66,1,0,-1,924,708,519,41.17,37,25,42,2.0209744374044134,0.5566860465116279,383,305,415,,,,,,,,,,,,,,,,,,,,,,,,,,,,,,,,,,,,,,,,,,,,,,,,,,,,,,,,,,,,,,,,,,,,,,,,,,,,,,,,,,,,,,,,,,,,,,,,,,,,,,,,,,,,,,,
58,Martin,Spencer,COL,147.04,4.080522306855277,-4.242850000000001,0.8666666666666667,0.9253731343283582,0.9112,-3.34,134,101,75,6.66,10,10,3,0.7,8,0,57,7,0.8913398245614035,13.24,2,3,5,0,0,0,142,102,74,6.15,3,2,9,1.2241566920565834,0.5113636363636364,45,43,52,Martin,Spencer,COL,1995-06-08,Oakville,ON,CAN,CAN,75.0,210.0,L,2013.0,3.0,63.0,3.0,3.0,0.0,0.0,2.0,0.0,1.0,96.0,83.0,13.0,0.8645833333333334,4.347018391232463,-4.692159999999999,179.4333333333,0.0,0.0,0.0,0.0,0.0,0.0,0.0,0.0,2.2771688649456205,0.0808690126,179.4333333333,83.0,13.0,0.8645833333333334,4.347018391232463,0.0,0.0,1.0,0.0,0.0,0.0,0.0,0.0,0.0,12.19,5.0,4.0,9.0,17.0,3.0,0.8235294117647058,70.0,10.0,9.0,0.0,0.9033193277310925,79.0,11.0,0.8607594936708861,15.0,2.0,0.8666666666666667,2.0,0.0,1.0,0.8648244725738398,169.0,130.0,96.0,9.64,13.0,0.9230769230769231,0.8995833333333333,-3.3599999999999994,0.5,55.0,55.0,57.0,160.0,112.0,79.0,6.81,4.0,2.0,9.0,0.0,0.0,0.0,0.0,0.0,,RFA,742500.0,728333.0,110.01300390119079,,,,,0.0,,, 
59,Mason,Steve,PHI,2486.34,2.437317502835493,-6.813026000000008,0.9176854115729421,0.9572577232331781,0.9162347188264058,1.7800000000000011,2363,1687,1227,102.78,101,258,60,0.7674418604651163,551,8,418,33,0.9154772190098341,35.53,109,143,252,0,2,2,2373,1699,1193,92.71,91,90,134,2.1959989381983154,0.5232558139534884,765,697,882,,,,,,,,,,,,,,,,,,,,,,,,,,,,,,,,,,,,,,,,,,,,,,,,,,,,,,,,,,,,,,,,,,,,,,,,,,,,,,,,,,,,,,,,,,,,,,,,,,,,,,,,,,,,,,,
60,Mazanec,Marek,NSH,152.02,3.55216418892251,-3.8569460000000007,0.8656716417910448,0.9302325581395349,0.9098507462686567,-2.96,129,103,67,6.04,9,18,6,0.6666666666666667,30,0,19,3,0.8715192982456141,46.03,1,10,11,0,0,0,169,130,93,8.15,5,8,9,1.9734245494013944,0.5473684210526316,52,43,59,Mazanec,Marek,NSH,1991-07-18,Pisek,,CZE,CZE,76.0,187.0,R,2012.0,6.0,179.0,4.0,2.0,2.0,0.0,2.0,0.0,0.0,87.0,73.0,14.0,0.8390804597701149,4.730173627405862,-6.471019999999999,177.5833333333,0.0,0.0,1.0,1.0,0.0,0.0,0.0,0.0,3.2671984983581916,0.089142817,118.4333333333,48.0,11.0,0.8135593220338984,5.572755417958224,0.0,0.0,2.0,0.0,59.15,25.0,3.0,0.8928571428571429,3.043110735418428,42.61,1.0,12.0,13.0,24.0,9.0,0.625,30.0,5.0,33.0,0.0,0.847125,68.0,9.0,0.8676470588235294,17.0,4.0,0.7647058823529411,2.0,1.0,0.5,0.8441617647058824,158.0,127.0,87.0,8.22,14.0,0.9113924050632911,0.9055172413793103,-5.779999999999999,0.5299145299145299,62.0,55.0,62.0,193.0,148.0,103.0,9.67,7.0,10.0,10.0,0.0,0.0,0.0,0.0,0.0,,RFA,575000.0,575000.0,118.59221022996125,,,,,-0.2,,, 
61,McElhinney,Curtis,"CBJ, TOR",900.25,2.33268536517634,1.8457599999999985,0.9270833333333334,0.9594907407407407,0.915625,5.5,864,672,480,40.5,35,113,17,0.8495575221238938,217,6,150,12,0.9271216147791689,36.32,34,36,70,0,1,1,954,717,481,43.14,34,31,44,2.266037211885587,0.5458937198067633,339,282,301,McElhinney,Curtis,"CBJ, TOR",1983-05-23,London,ON,CAN,CAN,75.0,200.0,L,2002.0,6.0,176.0,21.0,15.0,6.0,8.0,8.0,0.0,2.0,616.0,565.0,51.0,0.9172077922077922,2.6968668752478737,2.308640000000004,1134.65,1.0,0.0,0.0,0.0,0.0,0.0,1.0,1.0,3.1373551315383597,0.084356847,907.3333333333,479.0,38.0,0.9264990328820116,2.512858192505603,9.0,0.6,0.0,0.0,227.3166666667,86.0,13.0,0.8686868686868687,3.431336608255234,34.83,42.0,43.0,85.0,161.0,23.0,0.8571428571428572,209.0,21.0,246.0,7.0,0.9167745722399125,512.0,37.0,0.927734375,96.0,13.0,0.8645833333333334,8.0,1.0,0.875,0.9173014322916666,1106.0,856.0,616.0,56.25,51.0,0.953887884267631,0.908685064935065,5.25,0.5222772277227723,422.0,386.0,343.0,1163.0,877.0,597.0,59.33,46.0,44.0,51.0,5.0,1.0,0.8,2.0,0.0,,UFA,800000.0,800000.0,119.98413607720441,3.0,1.0,2.0,6.0,3.9,,, 
62,McIntyre,Zane,BOS,267.36,3.5906642728904847,-6.942084000000001,0.864406779661017,0.9282511210762332,0.9246610169491525,-7.109999999999999,223,158,118,8.89,16,25,10,0.6,56,1,37,5,0.8578771042471043,42.8,3,13,16,0,0,0,296,222,158,12.52,9,7,26,2.0197486535008977,0.5900621118012422,95,66,102,McIntyre,Zane,BOS,1992-08-20,Grand Forks,ND,USA,USA,74.0,206.0,L,2010.0,6.0,165.0,8.0,3.0,5.0,0.0,4.0,0.0,1.0,155.0,133.0,22.0,0.8580645161290322,3.9685323445403653,-8.5863,332.6166666667,0.0,0.0,0.0,0.0,0.0,0.0,0.0,0.0,2.94392944831358,0.0918730926,180.6666666667,72.0,12.0,0.8571428571428571,3.9852398523977888,0.0,0.0,1.0,0.0,151.95,61.0,10.0,0.8591549295774648,3.948667324777888,38.14,7.0,16.0,23.0,37.0,12.0,0.6756756756756757,53.0,9.0,65.0,1.0,0.8520968187345547,121.0,17.0,0.859504132231405,28.0,4.0,0.8571428571428572,6.0,1.0,0.8333333333333334,0.8585574576938214,290.0,206.0,155.0,13.4,22.0,0.9241379310344827,0.9135483870967742,-8.6,0.5545454545454546,122.0,98.0,112.0,366.0,274.0,199.0,16.32,13.0,8.0,28.0,0.0,0.0,0.0,0.0,0.0,,RFA,925000.0,925000.0,118.33441900083999,,,,,-0.1,,, 
63,Miller,Ryan,VAN,2646.83,2.357537129320735,4.618229999999997,0.9265017667844523,0.9579458147998382,0.9191943462897526,10.340000000000003,2473,1897,1415,114.34,104,309,56,0.8187702265372168,572,14,534,34,0.9277709271093256,30.48,79,110,189,0,1,1,2256,1622,1197,95.7,83,72,101,1.8814959782078942,0.4811985898942421,819,883,920,,,,,,,,,,,,,,,,,,,,,,,,,,,,,,,,,,,,,,,,,,,,,,,,,,,,,,,,,,,,,,,,,,,,,,,,,,,,,,,,,,,,,,,,,,,,,,,,,,,,,,,,,,,,,,,
64,Montoya,Al,MTL,906.51,2.3827646688949926,-1.2268140000000045,0.9205298013245033,0.9546599496221663,0.9182781456953643,1.0200000000000031,794,609,453,37.02,36,98,14,0.8571428571428572,197,4,158,18,0.9196076959087948,31.06,31,43,74,0,0,0,873,625,449,38.01,32,30,49,2.1180130390177716,0.5179153094462541,318,296,338,,,,,,,,,,,,,,,,,,,,,,,,,,,,,,,,,,,,,,,,,,,,,,,,,,,,,,,,,,,,,,,,,,,,,,,,,,,,,,,,,,,,,,,,,,,,,,,,,,,,,,,,,,,,,,,
65,Mrazek,Petr,DET,2200.09,2.536259880277625,-7.333607999999998,0.9166666666666666,0.9532193158953722,0.9160125448028674,0.730000000000004,1988,1530,1116,93.73,93,254,47,0.8149606299212598,432,9,430,37,0.9204157916742965,29.88,55,84,139,1,2,1,1865,1447,1026,85.96,82,47,83,2.2362721525028517,0.5236280487804879,687,625,754,Mrazek,Petr,DET,1992-02-14,Ostrava,,CZE,CZE,74.0,183.0,L,2010.0,5.0,141.0,50.0,44.0,6.0,18.0,21.0,0.0,9.0,1462.0,1317.0,145.0,0.9008207934336525,3.0446016646155103,-18.47851999999999,2857.5166666667,1.0,0.0,0.0,0.0,2.0,1.0,3.0,2.0,2.4640276230526217,0.08743468010000001,2609.0833333333,1222.0,131.0,0.9031781226903178,3.0125523012552686,19.0,0.4318181818181818,9.0,2.0,248.4333333333,95.0,14.0,0.8715596330275229,3.38118878304084,29.44,76.0,99.0,175.0,354.0,71.0,0.7994350282485876,583.0,59.0,484.0,12.0,0.9042083440152022,1225.0,109.0,0.9110204081632653,211.0,31.0,0.8530805687203792,26.0,5.0,0.8076923076923077,0.900184645293772,2509.0,1936.0,1421.0,128.08,142.0,0.9434037465125548,0.9098662913441239,-13.919999999999987,0.52,923.0,852.0,885.0,2334.0,1806.0,1285.0,117.35,115.0,64.0,91.0,30.0,4.0,0.8666666666666667,6.0,0.0,,RFA,3850000.0,4000000.0,101.68969559815805,3.0,4.0,6.0,13.0,6.5,,, 
66,Murray,Matt,PIT,2174.15,2.01458041073523,12.436105999999995,0.9344115004492363,0.9656793606017866,0.9127942497753818,24.060000000000002,2127,1512,1113,97.06,73,274,46,0.8321167883211679,447,6,392,21,0.9389706262990671,31.87,109,88,197,0,3,3,2108,1603,1206,109.64,114,105,89,3.146057079778304,0.5105189340813464,728,698,814,,,,,,,,,,,,,,,,,,,,,,,,,,,,,,,,,,,,,,,,,,,,,,,,,,,,,,,,,,,,,,,,,,,,,,,,,,,,,,,,,,,,,,,,,,,,,,,,,,,,,,,,,,,,,,,
67,Nedeljkovic,Alex,CAR,19.5,0.0,1.228192,1.0,1.0,0.913125,1.39,24,21,16,1.39,0,0,0,0.0,0,0,16,0,0.3613,0.0,0,2,2,0,0,0,20,13,10,0.86,0,2,0,0.0,0.6666666666666666,10,5,8,Nedeljkovic,Alex,CAR,1996-01-07,Parma,OH,USA,USA,72.0,198.0,L,2014.0,2.0,37.0,1.0,0.0,1.0,0.0,0.0,0.0,0.0,17.0,17.0,0.0,1.0,0.0,1.4711800000000002,29.95,0.0,0.0,0.0,0.0,2.0,1.0,0.0,-1.0,2.1235392320534228,0.0940339787,0.0,0.0,0.0,0.0,0.0,0.0,0.0,0.0,,29.95,17.0,0.0,1.0,0.0,0.0,0.0,2.0,2.0,0.0,0.0,0.0,17.0,0.0,0.0,0.0,0.384,16.0,0.0,1.0,1.0,0.0,1.0,0.0,0.0,0.0,0.9770000000000001,27.0,23.0,17.0,1.53,0.0,1.0,0.91,1.53,0.5909090909090909,13.0,9.0,8.0,24.0,16.0,11.0,1.06,0.0,3.0,0.0,0.0,0.0,0.0,0.0,0.0,,,,,102.17028380634392,,,,,0.30000000000000004,,, 
68,Neuvirth,Michal,PHI,1080.96,2.553285968028419,-9.921860000000002,0.902127659574468,0.9531090723751274,0.9170425531914894,-7.009999999999998,981,668,470,38.99,46,103,24,0.7669902912621359,193,10,174,12,0.903159140732466,37.82,38,60,98,1,0,-1,1126,796,571,44.15,27,41,56,1.4986678507992894,0.5426136363636364,382,322,394,,,,,,,,,,,,,,,,,,,,,,,,,,,,,,,,,,,,,,,,,,,,,,,,,,,,,,,,,,,,,,,,,,,,,,,,,,,,,,,,,,,,,,,,,,,,,,,,,,,,,,,,,,,,,,,
69,Niemi,Antti,DAL,1352.74,2.7056197051909456,-9.646222000000002,0.9088191330343797,0.9544776119402985,0.9138565022421524,-3.3699999999999974,1340,960,669,57.63,61,144,31,0.7847222222222222,304,7,221,23,0.9064922463351063,35.3,66,60,126,0,1,1,1395,1026,678,59.52,49,52,66,2.1733666484320713,0.47125140924464487,418,469,510,Niemi,Antti,DAL,1983-08-29,Vantaa,,FIN,FIN,74.0,215.0,L,,,,37.0,30.0,7.0,12.0,12.0,0.0,4.0,880.0,785.0,95.0,0.8920454545454546,3.29765692797223,-18.844799999999992,1728.5,0.0,0.0,0.0,0.0,0.0,0.0,1.0,1.0,2.9428984668787965,0.0892051978,1532.4833333333,723.0,84.0,0.895910780669145,3.28877964958843,14.0,0.4666666666666667,7.0,7.0,196.0166666667,62.0,11.0,0.8493150684931506,3.367060624096018,33.24,92.0,76.0,168.0,218.0,50.0,0.7706422018348624,308.0,36.0,355.0,9.0,0.8911506342475202,710.0,68.0,0.9042253521126761,140.0,23.0,0.8357142857142857,30.0,4.0,0.8666666666666667,0.893358886653253,1732.0,1257.0,881.0,85.08,95.0,0.9451501154734411,0.903427922814983,-9.920000000000002,0.4683860232945091,563.0,639.0,583.0,1731.0,1296.0,851.0,84.78,76.0,66.0,72.0,0.0,0.0,0.0,0.0,0.0,NTC,UFA,4500000.0,4500000.0,120.20827306913509,5.0,2.0,0.0,7.0,3.0,,, 
70,Nilsson,Anders,BUF,1194.77,2.2598491759920316,5.432634,0.9315068493150684,0.9628712871287128,0.9139573820395738,11.530000000000001,1212,915,657,56.53,45,142,23,0.8380281690140845,271,6,244,16,0.9322013233779302,30.01,54,52,106,0,0,0,1065,802,570,44.13,32,31,66,1.6070038584832227,0.4713541666666667,362,406,402,,,,,,,,,,,,,,,,,,,,,,,,,,,,,,,,,,,,,,,,,,,,,,,,,,,,,,,,,,,,,,,,,,,,,,,,,,,,,,,,,,,,,,,,,,,,,,,,,,,,,,,,,,,,,,,
71,Pavelec,Ondrej,WPG,367.04,2.77898866608544,-2.7222679999999997,0.9086021505376344,0.9475308641975309,0.9145161290322581,-1.0999999999999996,324,240,186,15.9,17,22,5,0.7727272727272727,34,1,130,11,0.9082415631427396,14.14,15,14,29,0,0,0,328,246,179,15.89,18,9,25,2.9424585876198774,0.5,108,108,120,,,,,,,,,,,,,,,,,,,,,,,,,,,,,,,,,,,,,,,,,,,,,,,,,,,,,,,,,,,,,,,,,,,,,,,,,,,,,,,,,,,,,,,,,,,,,,,,,,,,,,,,,,,,,,,
72,Peters,Justin,ARI,117.77,2.037870425405451,0.9127679999999998,0.9375,0.9607843137254902,0.9134375,1.54,102,83,64,5.54,4,8,1,0.875,18,0,38,3,0.9446888157894737,25.16,6,4,10,0,0,0,99,75,58,4.79,4,6,4,2.037870425405451,0.5,35,35,36,Peters,Justin,ARI,1986-08-30,Blyth,ON,CAN,CAN,73.0,210.0,L,2004.0,2.0,38.0,3.0,1.0,2.0,0.0,1.0,0.0,0.0,70.0,63.0,7.0,0.9,3.159874608149678,-0.9421999999999997,132.9166666667,0.0,0.0,0.0,0.0,0.0,0.0,0.0,0.0,2.4195611285260394,0.0824086109,58.7333333333,30.0,4.0,0.8823529411764706,4.086265607266791,0.0,0.0,0.0,0.0,74.1833333333,33.0,3.0,0.9166666666666666,2.4264210289833414,26.26,8.0,4.0,12.0,11.0,3.0,0.7272727272727273,39.0,3.0,20.0,1.0,0.8868751748251749,66.0,5.0,0.9242424242424242,4.0,2.0,0.5,0.0,0.0,0.0,0.8410454545454545,116.0,92.0,70.0,6.48,7.0,0.9396551724137931,0.9074285714285715,-0.5199999999999996,0.5061728395061729,41.0,40.0,44.0,108.0,84.0,65.0,5.36,6.0,7.0,5.0,0.0,0.0,0.0,0.0,0.0,,UFA,600000.0,600000.0,101.1159874607897,,,,,0.30000000000000004,,, 
73,Pickard,Calvin,COL,2223.35,2.779589358400612,-12.113792000000004,0.9130067567567568,0.950599520383693,0.9249070945945946,-14.090000000000003,2085,1614,1184,88.91,103,236,56,0.7627118644067796,562,13,386,34,0.9075077183602329,33.59,75,80,155,1,3,2,2001,1475,1048,77.92,65,55,67,1.7541097892819395,0.47534246575342465,694,766,750,Pickard,Calvin,COL,1992-04-15,Moncton,NB,CAN,CAN,73.0,200.0,L,2010.0,2.0,49.0,50.0,48.0,2.0,15.0,31.0,0.0,2.0,1461.0,1321.0,140.0,0.9041752224503764,2.9784417549167572,-13.565059999999988,2820.2666666667,2.0,0.0,2.0,2.0,2.0,1.0,3.0,2.0,2.253616679273801,0.08796592660000001,2768.9666666667,1306.0,139.0,0.9038062283737024,3.0119539178273125,21.0,0.4375,11.0,3.0,51.3,15.0,1.0,0.9375,1.169590643274854,32.28,104.0,89.0,193.0,320.0,81.0,0.746875,523.0,46.0,618.0,13.0,0.8982625045055288,1216.0,104.0,0.9144736842105263,211.0,35.0,0.8341232227488151,34.0,1.0,0.9705882352941176,0.9040331515120392,2585.0,1997.0,1461.0,120.1,140.0,0.9458413926499033,0.9177960301163587,-19.900000000000006,0.47252182845403184,920.0,1027.0,870.0,2441.0,1818.0,1283.0,105.93,91.0,74.0,81.0,4.0,1.0,0.75,1.0,1.0,,RFA,925000.0,1000000.0,106.9260590015116,3.0,4.0,8.0,15.0,7.1,,, 
74,Price,Carey,MTL,2944.4,1.8339899470180683,17.773848,0.9358974358974359,0.9664429530201343,0.9187108262108262,24.129999999999995,2682,1895,1404,114.13,90,291,39,0.865979381443299,637,15,476,36,0.9339604507941163,35.83,96,213,309,0,5,5,2973,2139,1538,129.8,117,134,229,2.3841869311234882,0.4739084132055378,890,988,1020,,,,,,,,,,,,,,,,,,,,,,,,,,,,,,,,,,,,,,,,,,,,,,,,,,,,,,,,,,,,,,,,,,,,,,,,,,,,,,,,,,,,,,,,,,,,,,,,,,,,,,,,,,,,,,,
75,Quick,Jonathan,LAK,742.14,2.0211819872261296,1.252603999999998,0.9269005847953217,0.9623493975903614,0.9047953216374269,7.560000000000002,664,503,342,32.56,25,82,17,0.7926829268292683,145,3,115,5,0.9310825659121658,33.91,30,57,87,0,2,2,761,547,372,31.91,22,38,42,1.7786401487589942,0.5447470817120622,280,234,245,,,,,,,,,,,,,,,,,,,,,,,,,,,,,,,,,,,,,,,,,,,,,,,,,,,,,,,,,,,,,,,,,,,,,,,,,,,,,,,,,,,,,,,,,,,,,,,,,,,,,,,,,,,,,,,
76,Raanta,Antti,NYR,1265.13,1.991890161485381,6.206536,0.9331210191082803,0.9648535564853556,0.9195063694267516,8.549999999999997,1195,876,628,50.55,42,132,21,0.8409090909090909,261,4,235,17,0.9332660078777504,31.03,31,51,82,0,2,2,1151,890,654,54.61,48,28,55,2.2764458988404352,0.46675191815856776,365,417,433,,,,,,,,,,,,,,,,,,,,,,,,,,,,,,,,,,,,,,,,,,,,,,,,,,,,,,,,,,,,,,,,,,,,,,,,,,,,,,,,,,,,,,,,,,,,,,,,,,,,,,,,,,,,,,,
77,Rask,Tuukka,BOS,2850.93,2.1045764013848114,-3.43340400000001,0.9205087440381559,0.9589153656532456,0.9230286168521462,-3.1700000000000017,2434,1778,1258,96.83,100,245,52,0.7877551020408163,580,11,433,37,0.9155937426884427,36.83,65,93,158,0,0,0,2838,2149,1564,117.63,109,86,112,2.2939882775094445,0.5275675675675676,976,874,1052,,,,,,,,,,,,,,,,,,,,,,,,,,,,,,,,,,,,,,,,,,,,,,,,,,,,,,,,,,,,,,,,,,,,,,,,,,,,,,,,,,,,,,,,,,,,,,,,,,,,,,,,,,,,,,,
78,Reimer,James,FLA,1803.34,2.1959253385384896,9.533807999999993,0.9329268292682926,0.9597560975609756,0.9225813008130082,10.180000000000007,1640,1298,984,76.18,66,197,34,0.8274111675126904,418,7,369,25,0.9314287163812789,34.09,71,71,142,0,2,2,1669,1307,956,70.74,62,55,85,2.0628389543846417,0.5025906735751295,582,576,605,,,,,,,,,,,,,,,,,,,,,,,,,,,,,,,,,,,,,,,,,,,,,,,,,,,,,,,,,,,,,,,,,,,,,,,,,,,,,,,,,,,,,,,,,,,,,,,,,,,,,,,,,,,,,,,
79,Rinne,Pekka,NSH,2789.09,2.086702114309685,8.240701999999999,0.9292487235594457,0.9617809298660362,0.9252078774617067,5.540000000000006,2538,1897,1371,102.54,97,244,53,0.7827868852459017,633,12,494,32,0.922001683294869,33.82,71,104,175,2,2,0,2747,2025,1448,112.88,112,86,140,2.4093880082751005,0.512582056892779,937,891,1001,,,,,,,,,,,,,,,,,,,,,,,,,,,,,,,,,,,,,,,,,,,,,,,,,,,,,,,,,,,,,,,,,,,,,,,,,,,,,,,,,,,,,,,,,,,,,,,,,,,,,,,,,,,,,,,
80,Rittich,David,CGY,18.65,0.0,0.460572,1.0,1.0,0.9533333333333334,0.28,17,9,6,0.28,0,0,0,0.0,2,0,4,0,0.7857000000000001,26.15,0,0,0,0,0,0,15,8,6,0.81,0,3,0,0.0,0.5,5,5,5,Rittich,David,CGY,1992-08-19,Jihlava,,CZE,CZE,75.0,202.0,L,,,,1.0,0.0,1.0,0.0,0.0,0.0,0.0,10.0,9.0,1.0,0.9,3.0,-0.13459999999999994,20.0,0.0,0.0,0.0,0.0,0.0,0.0,0.0,0.0,2.43,0.0847665848,0.0,0.0,0.0,0.0,0.0,0.0,0.0,0.0,,20.0,9.0,1.0,0.9,3.0,18.1,0.0,0.0,0.0,2.0,1.0,0.5,6.0,0.0,2.0,0.0,0.8815000000000001,6.0,0.0,1.0,4.0,1.0,0.75,0.0,0.0,0.0,0.9405000000000001,21.0,13.0,10.0,0.75,1.0,0.9523809523809523,0.925,-0.25,0.4166666666666667,5.0,7.0,6.0,15.0,8.0,6.0,0.81,0.0,3.0,0.0,0.0,0.0,0.0,0.0,0.0,,,,,108.0,,,,,0.0,,, 
81,Saros,Juuse,NSH,950.1,2.2734449005367856,1.843665999999999,0.9269776876267748,0.9614147909967845,0.9140162271805274,6.390000000000001,933,707,493,42.39,36,96,21,0.78125,204,3,193,12,0.9244164498247487,30.36,31,41,72,0,0,0,885,660,496,40.23,43,40,50,2.7155036311967162,0.4592,287,338,329,Saros,Juuse,NSH,1995-04-19,Forssa,,FIN,FIN,71.0,180.0,L,2013.0,4.0,99.0,21.0,19.0,2.0,10.0,8.0,0.0,3.0,614.0,567.0,47.0,0.9234527687296417,2.350163205778114,6.135560000000005,1199.9166666667,1.0,0.0,1.0,1.0,0.0,0.0,0.0,0.0,2.6626849086741395,0.0876707283,1137.0,534.0,43.0,0.925476603119584,2.2691292875989446,13.0,0.6842105263157895,1.0,0.0,62.9166666667,33.0,4.0,0.8918918918918919,3.8145695364218204,30.96,37.0,46.0,83.0,121.0,25.0,0.7933884297520661,260.0,19.0,233.0,3.0,0.918091691063521,514.0,40.0,0.9221789883268483,87.0,7.0,0.9195402298850575,13.0,0.0,1.0,0.9235836128628294,1159.0,886.0,614.0,55.89,47.0,0.9594477998274374,0.9089739413680782,8.89,0.4607142857142857,387.0,453.0,379.0,1091.0,816.0,611.0,53.25,63.0,51.0,57.0,2.0,2.0,0.0,0.0,1.0,,RFA,667500.0,692500.0,112.50781304256928,4.0,1.0,5.0,10.0,4.4,,, 
82,Schneider,Cory,NJD,2686.76,2.36716342360315,-1.2966320000000024,0.9222873900293255,0.9553119730185498,0.9212683284457478,1.3900000000000006,2372,1847,1364,107.39,106,283,46,0.8374558303886925,555,14,526,46,0.9228646209199431,32.21,57,101,158,0,1,1,2208,1724,1223,99.44,75,55,76,1.6748797808512854,0.4593618302227574,763,898,919,Schneider,Cory,NJD,1986-03-18,Marblehead,MA,USA,USA,75.0,205.0,L,2004.0,1.0,26.0,60.0,59.0,1.0,20.0,27.0,0.0,11.0,1781.0,1618.0,163.0,0.9084783829309376,2.816144358592915,-8.872259999999983,3472.8333333333,2.0,0.0,0.0,0.0,0.0,0.0,3.0,3.0,2.3175313144886722,0.0873142636,3444.25,1600.0,163.0,0.9075439591605219,2.8395151339188502,27.0,0.4576271186440678,7.0,3.0,28.5833333333,18.0,0.0,1.0,0.0,30.08,86.0,117.0,203.0,427.0,74.0,0.8266978922716628,705.0,69.0,613.0,17.0,0.9108338181560728,1487.0,119.0,0.9199731002017485,242.0,35.0,0.8553719008264463,52.0,9.0,0.8269230769230769,0.9084011745575449,3066.0,2393.0,1745.0,155.9,160.0,0.9478147423352903,0.9106590257879656,-4.099999999999994,0.45980565371024734,1041.0,1223.0,1063.0,2710.0,2114.0,1517.0,134.14,118.0,70.0,93.0,11.0,3.0,0.7272727272727273,2.0,2.0,NTC,UFA,6000000.0,6000000.0,99.79171665786917,5.0,4.0,7.0,16.0,9.5,,, 
83,Smith,Jeremy,COL,465.69,3.092185788829479,-5.346834000000001,0.9012345679012346,0.941031941031941,0.919835390946502,-4.52,407,319,243,19.48,24,48,15,0.6875,117,3,78,6,0.894356891025641,34.61,17,18,35,0,0,0,428,306,216,16.69,17,10,22,2.1902982670875475,0.5231316725978647,147,134,140,Smith,Jeremy,COL,1989-04-13,Dearborn,MI,USA,USA,72.0,177.0,L,2007.0,2.0,54.0,10.0,8.0,2.0,1.0,6.0,0.0,1.0,286.0,254.0,32.0,0.8881118881118881,3.537757577618552,-7.249559999999999,542.7166666667,0.0,0.0,0.0,0.0,0.0,0.0,0.0,0.0,2.1281822927861604,0.0854563515,478.6333333333,233.0,30.0,0.8859315589353612,3.760707570165315,3.0,0.375,3.0,0.0,64.0833333333,21.0,2.0,0.9130434782608695,1.872561768531533,33.65,19.0,20.0,39.0,64.0,21.0,0.671875,101.0,8.0,121.0,3.0,0.8824218392009655,248.0,24.0,0.9032258064516129,34.0,7.0,0.7941176470588236,4.0,1.0,0.75,0.8837718216318786,487.0,377.0,286.0,24.54,32.0,0.9342915811088296,0.9141958041958042,-7.460000000000001,0.5014409221902018,174.0,173.0,154.0,476.0,342.0,242.0,19.25,21.0,10.0,24.0,2.0,1.0,0.5,0.0,1.0,,UFA,675000.0,675000.0,106.46439210145832,0.0,0.0,1.0,1.0,0.8,,, 
84,Smith,Mike,ARI,2534.38,2.5805127881375323,3.0725199999999973,0.9253424657534246,0.9601316752011705,0.9115205479452054,20.180000000000007,2734,2118,1460,129.18,109,338,55,0.8372781065088757,604,12,518,42,0.9274023155507873,28.71,118,112,230,3,3,0,2186,1655,1174,95.47,79,105,90,1.8702799106684869,0.42715038033937974,730,979,883,,,,,,,,,,,,,,,,,,,,,,,,,,,,,,,,,,,,,,,,,,,,,,,,,,,,,,,,,,,,,,,,,,,,,,,,,,,,,,,,,,,,,,,,,,,,,,,,,,,,,,,,,,,,,,,
85,Stalock,Alex,MIN,99.27,1.813236627379873,0.22400399999999987,0.9285714285714286,0.961038961038961,0.9254761904761905,0.1299999999999999,77,58,42,3.13,3,9,1,0.8888888888888888,20,0,13,2,0.9206042735042735,36.8,2,3,5,0,0,0,90,69,51,3.2,4,2,8,2.4176488365064976,0.4166666666666667,30,42,44,Stalock,Alex,MIN,1987-07-28,St. Paul,MN,USA,USA,72.0,187.0,L,2005.0,4.0,112.0,2.0,2.0,0.0,1.0,1.0,0.0,0.0,54.0,51.0,3.0,0.9444444444444444,1.513665031534264,1.6731600000000002,118.9166666667,0.0,0.0,0.0,0.0,0.0,0.0,0.0,0.0,1.8920812894178298,0.0850973057,118.9166666667,51.0,3.0,0.9444444444444444,1.513665031534264,2.0,1.0,0.0,0.0,0.0,0.0,0.0,0.0,0.0,36.31,3.0,3.0,6.0,11.0,1.0,0.9090909090909091,20.0,2.0,23.0,0.0,0.9400545454545455,42.0,3.0,0.9285714285714286,12.0,0.0,1.0,0.0,0.0,0.0,0.9176428571428572,99.0,76.0,54.0,4.18,3.0,0.9696969696969697,0.9225925925925926,1.1799999999999997,0.4117647058823529,35.0,50.0,45.0,101.0,77.0,56.0,3.75,5.0,2.0,8.0,0.0,0.0,0.0,0.0,0.0,,UFA,650000.0,650000.0,100.91100210228426,0.0,0.0,1.0,1.0,0.5,,, 
86,Stolarz,Anthony,PHI,282.43,1.4870941472223205,3.823442,0.950354609929078,0.972,0.9160283687943263,4.84,250,189,141,11.84,7,34,6,0.8235294117647058,67,0,40,1,0.9531498529411764,32.47,11,11,22,0,0,0,256,190,145,13.1,9,9,14,1.9119781892858407,0.5212121212121212,86,79,100,Stolarz,Anthony,PHI,1994-01-20,Edison,NJ,USA,USA,78.0,210.0,L,2012.0,2.0,45.0,7.0,4.0,3.0,2.0,1.0,0.0,1.0,181.0,168.0,13.0,0.9281767955801105,2.074008420119838,2.6637400000000007,376.0833333333,1.0,0.0,0.0,0.0,0.0,0.0,0.0,0.0,3.026456902282564,0.084926392,245.1166666667,109.0,10.0,0.9159663865546218,2.4478139661382405,2.0,0.5,1.0,0.0,130.9666666667,59.0,3.0,0.9516129032258065,1.3743955204883243,33.41,14.0,14.0,28.0,46.0,9.0,0.8043478260869565,61.0,4.0,74.0,0.0,0.9284501069137563,146.0,7.0,0.952054794520548,30.0,4.0,0.8666666666666667,5.0,2.0,0.6,0.9314908675799087,319.0,244.0,181.0,16.33,13.0,0.9592476489028213,0.9097790055248619,3.3299999999999983,0.5247933884297521,127.0,115.0,123.0,351.0,263.0,195.0,18.97,12.0,11.0,17.0,3.0,2.0,0.33333333333333337,0.0,1.0,,RFA,725000.0,753333.0,106.89120319079166,1.0,1.0,1.0,3.0,1.4,,, 
87,Subban,Malcolm,BOS,26.18,4.583651642475171,-0.925332,0.8571428571428572,0.9047619047619048,0.91,-0.74,21,19,14,1.26,2,0,0,0.0,0,0,14,2,0.30968571428571434,0.0,1,2,3,0,0,0,28,21,13,1.39,0,0,1,0.0,0.8,12,3,8,Subban,Malcolm,BOS,1993-12-21,Toronto,ON,CAN,CAN,74.0,200.0,L,2012.0,1.0,24.0,1.0,1.0,0.0,0.0,1.0,0.0,0.0,16.0,13.0,3.0,0.8125,5.88235294117647,-1.61536,30.6,0.0,0.0,0.0,0.0,0.0,0.0,0.0,0.0,2.8627450980392153,0.0983671844,30.6,13.0,3.0,0.8125,5.88235294117647,0.0,0.0,1.0,1.0,0.0,0.0,0.0,0.0,0.0,0.0,1.0,2.0,3.0,0.0,0.0,0.0,16.0,3.0,0.0,0.0,0.312,14.0,2.0,0.8571428571428572,2.0,1.0,0.5,0.0,0.0,0.0,0.7852857142857144,25.0,23.0,16.0,1.53,3.0,0.88,0.904375,-1.47,0.7222222222222222,13.0,5.0,8.0,30.0,22.0,14.0,1.46,0.0,0.0,1.0,0.0,0.0,0.0,0.0,0.0,,RFA,832500.0,863333.0,107.84313725490195,,,,,-0.1,,, 
88,Talbot,Cam,EDM,3417.26,2.1069511831116157,8.729873999999995,0.9284436493738819,0.9625117150890347,0.9095110316040549,31.75,3201,2305,1677,151.75,120,416,79,0.8100961538461539,624,11,637,30,0.9348064969256933,31.8,122,215,337,1,1,0,3156,2361,1725,150.31,141,109,173,2.4756676401561486,0.5021337126600285,1059,1050,1172,Talbot,Cam,EDM,1987-07-05,Caledonia,ON,CAN,CAN,75.0,199.0,L,,,,73.0,73.0,0.0,42.0,22.0,0.0,8.0,2117.0,1946.0,171.0,0.9192253188474256,2.3893805309734515,12.205180000000013,4294.0,7.0,0.0,0.0,0.0,4.0,2.0,2.0,0.0,2.9051234280391243,0.08620400980000001,4294.0,1946.0,171.0,0.9192253188474256,2.3893805309734515,43.0,0.589041095890411,10.0,6.0,0.0,0.0,0.0,0.0,0.0,30.83,180.0,240.0,420.0,590.0,110.0,0.8135593220338984,823.0,48.0,707.0,14.0,0.9259124970408361,1759.0,129.0,0.9266628766344513,317.0,39.0,0.8769716088328076,41.0,3.0,0.926829268292683,0.9194117785435507,4029.0,2906.0,2120.0,210.21,172.0,0.9573095060809134,0.9008443396226415,38.21000000000001,0.4952448045086298,1406.0,1433.0,1333.0,3989.0,2974.0,2160.0,207.91,205.0,140.0,199.0,27.0,11.0,0.5925925925925926,4.0,5.0,NMC,UFA,4150000.0,4166667.0,112.0353982300885,11.0,8.0,2.0,21.0,14.0,,, 
89,Tokarski,Dustin,ANA,6.97,0.0,0.230286,1.0,1.0,0.9433333333333334,0.17,3,3,3,0.17,0,1,0,1.0,1,0,1,0,1.0,24.61,0,0,0,0,0,0,7,6,4,0.37,0,0,0,0.0,0.3333333333333333,1,2,1,Tokarski,Dustin,ANA,1989-09-16,Watson,SK,CAN,CAN,72.0,205.0,L,2008.0,5.0,122.0,1.0,0.0,1.0,0.0,0.0,0.0,0.0,5.0,5.0,0.0,1.0,0.0,0.43270000000000003,9.7833333333,0.0,0.0,0.0,0.0,0.0,0.0,0.0,0.0,2.2691652470264705,0.0940339787,0.0,0.0,0.0,0.0,0.0,0.0,0.0,0.0,,9.7833333333,5.0,0.0,1.0,0.0,23.58,0.0,0.0,0.0,3.0,0.0,1.0,1.0,0.0,1.0,0.0,1.0,3.0,0.0,1.0,2.0,0.0,1.0,0.0,0.0,0.0,0.9770000000000001,8.0,7.0,5.0,0.66,0.0,1.0,0.868,0.66,0.25,1.0,3.0,1.0,7.0,6.0,4.0,0.37,0.0,0.0,0.0,0.0,0.0,0.0,0.0,0.0,,,,,91.99318569026232,,,,,0.1,,, 
90,Ullmark,Linus,BUF,50.13,2.39377618192699,0.1493359999999999,0.9285714285714286,0.9534883720930233,0.9260714285714285,0.06999999999999984,43,33,28,2.07,2,5,1,0.8,11,1,12,0,0.9185581818181818,44.82,2,2,4,0,0,0,42,33,24,1.25,2,0,5,2.39377618192699,0.38235294117647056,13,21,12,Ullmark,Linus,BUF,1993-07-31,Lugnvik,,SWE,SWE,76.0,221.0,L,2012.0,6.0,163.0,1.0,1.0,0.0,0.0,1.0,0.0,0.0,36.0,33.0,3.0,0.9166666666666666,3.0646992054500934,0.11544000000000043,58.7333333333,0.0,0.0,0.0,0.0,0.0,0.0,0.0,0.0,1.2769580022708722,0.08968058970000001,58.7333333333,33.0,3.0,0.9166666666666666,3.0646992054500934,1.0,1.0,0.0,0.0,0.0,0.0,0.0,0.0,0.0,34.39,4.0,3.0,7.0,9.0,2.0,0.7777777777777778,16.0,0.0,11.0,1.0,0.9128787878787878,28.0,2.0,0.9285714285714286,5.0,0.0,1.0,3.0,1.0,0.6666666666666667,0.9329761904761905,55.0,43.0,36.0,3.23,3.0,0.9454545454545454,0.9102777777777777,0.22999999999999998,0.3111111111111111,14.0,31.0,16.0,43.0,33.0,24.0,1.25,2.0,0.0,5.0,0.0,0.0,0.0,0.0,0.0,,RFA,892500.0,775833.0,100.11350737803639,,,,,0.2,,, 
91,Varlamov,Semyon,COL,1033.25,3.251875151221873,-12.24566,0.9017543859649123,0.9450980392156862,0.9248771929824562,-13.18,1020,754,570,42.82,56,124,29,0.7661290322580645,246,5,200,22,0.9015124353527406,30.99,42,48,90,0,0,0,867,646,472,33.21,29,20,41,1.6840067747398986,0.48721804511278194,324,341,376,,,,,,,,,,,,,,,,,,,,,,,,,,,,,,,,,,,,,,,,,,,,,,,,,,,,,,,,,,,,,,,,,,,,,,,,,,,,,,,,,,,,,,,,,,,,,,,,,,,,,,,,,,,,,,,
92,Vasilevskiy,Andrei,TBL,2209.61,2.3352537325591394,0.5875360000000001,0.9237588652482269,0.9564997470915528,0.9279609929078014,-4.739999999999995,1977,1528,1128,81.26,86,207,37,0.821256038647343,485,16,436,33,0.9203482434224264,33.67,50,116,166,0,1,1,2072,1541,1081,85.99,75,87,91,2.0365584876969236,0.489650249821556,686,715,761,Vasilevskiy,Andrei,TBL,1994-07-25,Tyumen,,RUS,RUS,75.0,207.0,L,2012.0,1.0,19.0,50.0,47.0,3.0,23.0,17.0,0.0,7.0,1480.0,1357.0,123.0,0.9168918918918919,2.606607172290346,5.079200000000014,2831.2666666667,2.0,0.0,2.0,2.0,2.0,1.0,2.0,1.0,2.472462266594428,0.08648020120000001,2745.3,1320.0,121.0,0.916030534351145,2.6445197246202596,25.0,0.5319148936170213,5.0,3.0,85.9666666667,37.0,2.0,0.9487179487179487,1.3958898797978303,32.93,76.0,130.0,206.0,294.0,52.0,0.8231292517006803,601.0,51.0,585.0,20.0,0.9125386771799893,1199.0,94.0,0.9216013344453712,247.0,26.0,0.8947368421052632,34.0,3.0,0.9117647058823529,0.9174528761067661,2550.0,1979.0,1480.0,114.38,123.0,0.951764705882353,0.9227162162162162,-8.620000000000005,0.481691593604951,934.0,1005.0,881.0,2577.0,1935.0,1366.0,116.67,124.0,102.0,99.0,15.0,3.0,0.8,1.0,2.0,,RFA,925000.0,925000.0,108.6510160352244,4.0,8.0,2.0,14.0,9.3,,, 
93,Ward,Cam,CAR,2939.53,2.5718397158729456,-15.078910000000008,0.91280276816609,0.9522546419098143,0.9131695501730104,-0.5300000000000011,2639,2009,1445,125.47,126,313,70,0.7763578274760383,596,10,536,46,0.9139455875067487,33.0,114,139,253,3,3,0,2798,2046,1425,133.43,108,130,167,2.2044340421768105,0.5486111111111112,948,780,963,Ward,Cam,CAR,1984-02-29,Saskatoon,SK,CAN,CAN,73.0,185.0,L,2002.0,1.0,25.0,61.0,61.0,0.0,26.0,22.0,0.0,12.0,1711.0,1549.0,162.0,0.9053185271770894,2.6866290452608297,-13.930059999999997,3617.9166666667,2.0,0.0,1.0,1.0,6.0,3.0,3.0,0.0,2.932737533110649,0.0873808347,3617.9166666667,1549.0,162.0,0.9053185271770894,2.6866290452608297,30.0,0.4918032786885246,9.0,3.0,0.0,0.0,0.0,0.0,0.0,33.29,146.0,154.0,300.0,410.0,89.0,0.7829268292682927,651.0,58.0,651.0,15.0,0.905608958075756,1521.0,137.0,0.9099276791584484,167.0,21.0,0.874251497005988,23.0,4.0,0.8260869565217391,0.902790619943545,3147.0,2389.0,1712.0,160.64,162.0,0.9485224022878932,0.9061682242990654,-1.3600000000000136,0.5487316421895861,1233.0,1014.0,1096.0,3402.0,2517.0,1757.0,176.84,153.0,160.0,186.0,24.0,12.0,0.5,2.0,6.0,M-NTC,UFA,3500000.0,3300000.0,108.6094667741554,5.0,6.0,6.0,17.0,8.5,,, 
94,Zatkoff,Jeff,LAK,453.09,3.0457524995034104,-8.722268,0.8763440860215054,0.9333333333333333,0.9220430107526881,-8.5,345,251,186,14.5,23,43,11,0.7441860465116279,83,3,60,9,0.8756443107312972,36.89,11,10,21,0,1,1,501,346,226,19.97,13,23,24,1.7215122823280145,0.5700325732899023,175,132,141,,,,,,,,,,,,,,,,,,,,,,,,,,,,,,,,,,,,,,,,,,,,,,,,,,,,,,,,,,,,,,,,,,,,,,,,,,,,,,,,,,,,,,,,,,,,,,,,,,,,,,,,,,,,,,,
